ID,WORD,SCORE
0,БЕСПОДОБНЫЙ,0.963
1,НЕВНЯТНЫЙ,0.953
3,ОБАЛДЕННЫЙ,0.9329999999999999
7,ОТВРАТНЫЙ,0.92
8,НЕЖНЫЙ,0.9159999999999999
9,ПОСРЕДСТВЕННЫЙ,0.912
10,ШИКАРНЫЙ,0.9079999999999999
11,НЕЛОГИЧНЫЙ,0.9059999999999999
12,КЛЕВЫЙ,0.898
13,СРЕДНЕНЬКИЙ,0.895
14,НЕПОНЯТНЫЙ,0.895
15,СЛАБЕНЬКИЙ,0.892
16,НЕЕСТЕСТВЕННЫЙ,0.89
19,НЕПЛОХОЙ,0.885
21,ПРЕВОСХОДНЫЙ,0.8809999999999999
22,НЕОДНОЗНАЧНЫЙ,0.879
23,ПРИКОЛЬНЫЙ,0.878
24,НЕОБЫЧНЫЙ,0.878
25,КРАСОЧНЫЙ,0.8759999999999999
26,БЕССМЫСЛЕННЫЙ,0.872
27,НЕРЕАЛЬНЫЙ,0.872
28,НЕОЖИДАННЫЙ,0.872
29,КЛАССНЫЙ,0.871
30,ОФИГИТЕЛЬНЫЙ,0.8690000000000001
31,НЕПРЕДСКАЗУЕМЫЙ,0.8690000000000001
32,ИЗУМИТЕЛЬНЫЙ,0.8640000000000001
33,НЕУДОБНЫЙ,0.862
35,ТУПОЙ,0.8540000000000001
36,УБОГИЙ,0.853
37,ПРОСТЕНЬКИЙ,0.852
39,НЕЛЕПЫЙ,0.848
41,БЕСПОЛЕЗНЫЙ,0.847
42,БЕЗУПРЕЧНЫЙ,0.846
43,НЕПРИВЫЧНЫЙ,0.846
44,УДАЧНЫЙ,0.846
45,НЕТОРОПЛИВЫЙ,0.843
47,ОДНОЗНАЧНЫЙ,0.841
48,НЕКРАСИВЫЙ,0.841
49,НЕНУЖНЫЙ,0.841
51,ОДНОРАЗОВЫЙ,0.836
53,ЗАМЕЧАТЕЛЬНЫЙ,0.836
54,ЧУДЕСНЫЙ,0.8340000000000001
56,ОТВРАТИТЕЛЬНЫЙ,0.833
57,НЕПРИЯТНЫЙ,0.83
58,НЕВЗРАЧНЫЙ,0.83
61,ВОСХИТИТЕЛЬНЫЙ,0.8270000000000001
62,РЕАЛИСТИЧНЫЙ,0.825
63,НЕВЕРОЯТНЫЙ,0.8220000000000001
64,ДОБРОТНЫЙ,0.8220000000000001
67,ТУПОВАТЫЙ,0.82
68,СИМПАТИЧНЫЙ,0.8190000000000001
69,ХУДОЙ,0.815
74,БАНАЛЬНЫЙ,0.8059999999999999
75,СКУЧНЫЙ,0.8059999999999999
76,ИДИОТСКИЙ,0.8059999999999999
77,ОТСТОЙНЫЙ,0.8059999999999999
78,ДИНАМИЧНЫЙ,0.804
80,НЕСТАНДАРТНЫЙ,0.799
82,НЕУДАЧНЫЙ,0.7979999999999999
86,ГЕНИАЛЬНЫЙ,0.795
87,ЛЮБИМЫЙ,0.794
88,НЕМАЛОВАЖНЫЙ,0.7929999999999999
90,ЛОГИЧНЫЙ,0.7909999999999999
92,ГАРМОНИЧНЫЙ,0.7859999999999999
93,ЗАБАВНЫЙ,0.784
94,КРУТОЙ,0.782
96,СЛАБОВАТЫЙ,0.7809999999999999
97,СМЕШНОЙ,0.777
99,УДИВИТЕЛЬНЫЙ,0.775
100,БЕСКОНЕЧНЫЙ,0.775
103,ПОШЛЫЙ,0.772
107,БЛЕСТЯЩИЙ,0.768
108,БРЕДОВЫЙ,0.767
109,ПРЕДСКАЗУЕМЫЙ,0.763
110,НЕПОДХОДЯЩИЙ,0.7609999999999999
112,ПОНЯТНЫЙ,0.759
114,СТЫДНЫЙ,0.757
115,ВЕЛИКОЛЕПНЫЙ,0.757
117,ПЛОХОЙ,0.7559999999999999
118,НЕДОВОЛЬНЫЙ,0.754
120,ДОВОЛЬНЫЙ,0.752
121,ТЕРПИМЫЙ,0.7509999999999999
123,УЖАСНЫЙ,0.75
124,ГЛУБОКИЙ,0.748
125,БЕЗУМНЫЙ,0.746
126,ПРИМИТИВНЫЙ,0.746
127,ОРИГИНАЛЬНЫЙ,0.7440000000000001
129,РАСКРЫТЫЙ,0.741
130,НЕИНТЕРЕСНЫЙ,0.741
132,ОТЛИЧНЫЙ,0.738
133,СВОЕОБРАЗНЫЙ,0.736
134,ОДНООБРАЗНЫЙ,0.736
135,НЕЗАТЕЙЛИВЫЙ,0.735
136,СТИЛЬНЫЙ,0.735
137,НЕГАТИВНЫЙ,0.735
139,КОРЯВЫЙ,0.735
140,ИСКРЕННИЙ,0.735
141,ДОСТОЙНЫЙ,0.7340000000000001
142,СПЛОШНОЙ,0.7340000000000001
143,НЕНАВЯЗЧИВЫЙ,0.733
146,БЕЗДАРНЫЙ,0.733
149,ДУРАЦКИЙ,0.731
150,НЕСПЕШНЫЙ,0.73
151,НОВЕНЬКИЙ,0.7290000000000001
152,ОДНОТИПНЫЙ,0.7290000000000001
155,ОФИГЕННЫЙ,0.725
157,ХРЕНОВЫЙ,0.723
158,СТАТИЧНЫЙ,0.723
159,ПОТРЯСНЫЙ,0.723
160,СТАНДАРТНЫЙ,0.722
161,НЕПРАВИЛЬНЫЙ,0.722
162,БЕСТОЛКОВЫЙ,0.721
163,УВЛЕКАТЕЛЬНЫЙ,0.72
164,УНЫЛЫЙ,0.7190000000000001
166,ПЛОСКИЙ,0.718
168,НЕОБЫКНОВЕННЫЙ,0.715
169,ЖУТКИЙ,0.715
171,НЕПОВТОРИМЫЙ,0.7140000000000001
173,НЕЗАМЫСЛОВАТЫЙ,0.713
175,ПРИЯТНЫЙ,0.7120000000000001
177,НЕЗНАЧИТЕЛЬНЫЙ,0.708
181,ОТКРОВЕННЫЙ,0.706
183,НЕСОМНЕННЫЙ,0.7040000000000001
184,НАСЫЩЕННЫЙ,0.7020000000000001
186,КАЧЕСТВЕННЫЙ,0.7
188,ВМЕНЯЕМЫЙ,0.698
191,ЗАПУТАННЫЙ,0.696
193,СОЧНЫЙ,0.6940000000000001
194,СУПЕР,0.6940000000000001
195,ОДИНАКОВЫЙ,0.6940000000000001
198,СУБЪЕКТИВНЫЙ,0.6920000000000001
199,НЕСЛОЖНЫЙ,0.6920000000000001
201,БЕССПОРНЫЙ,0.691
202,ГРУСТНЫЙ,0.691
203,ТОЛКОВЫЙ,0.69
204,ОСОБЕННЫЙ,0.69
205,ПРИЛИЧНЫЙ,0.69
206,КЛАСНЫЙ,0.688
207,ТОНКИЙ,0.688
208,ЖАЛКИЙ,0.6859999999999999
209,ГЛУПЫЙ,0.685
210,НЕОПИСУЕМЫЙ,0.685
211,ПОЗИТИВНЫЙ,0.6829999999999999
213,НЕОПРАВДАННЫЙ,0.6809999999999999
215,СЛОЖНЫЙ,0.68
216,ИДЕАЛЬНЫЙ,0.679
218,НЕПЕРЕДАВАЕМЫЙ,0.6779999999999999
221,ПРОСТОВАТЫЙ,0.677
222,УМНЫЙ,0.6759999999999999
223,МИЛЫЙ,0.6759999999999999
225,ЯРКИЙ,0.675
226,НЕЗАМЕНИМЫЙ,0.675
227,СЛАБЫЙ,0.675
234,ПОЛЕЗНЫЙ,0.6659999999999999
235,ШУМНЫЙ,0.664
236,НЕХОРОШИЙ,0.664
238,НАСТОЛЬНЫЙ,0.6629999999999999
241,СЮЖЕТНЫЙ,0.6609999999999999
244,НЕПРОСТОЙ,0.659
245,НОРМАЛЬНЫЙ,0.6579999999999999
246,НУДНЫЙ,0.657
249,НЕПРОДУМАННЫЙ,0.655
252,СВЕТЛЫЙ,0.653
253,НЕВЫНОСИМЫЙ,0.653
255,ТИПИЧНЫЙ,0.6509999999999999
258,РАВНОДУШНЫЙ,0.65
261,МУТНЫЙ,0.648
262,НЕЗАМЕТНЫЙ,0.647
266,СКУЧНОВАТЫЙ,0.642
267,СТРАШНЫЙ,0.642
268,НЕПРИЛИЧНЫЙ,0.642
270,ВЯЛЫЙ,0.6409999999999999
272,ПЛАВНЫЙ,0.6409999999999999
273,БЛЕДНЫЙ,0.638
277,ЭФФЕКТНЫЙ,0.636
278,СКАЗОЧНЫЙ,0.635
280,НАЧИНАЮЩИЙ,0.634
283,ИНТЕРЕСНЫЙ,0.632
284,БЕЗОБРАЗНЫЙ,0.632
286,СЕРЫЙ,0.629
288,ВНЯТНЫЙ,0.628
290,КОШМАРНЫЙ,0.627
291,АДЕКВАТНЫЙ,0.626
293,НЕАДЕКВАТНЫЙ,0.625
296,СТАРЕНЬКИЙ,0.623
297,РАСТЯНУТЫЙ,0.622
298,ИНТУИТИВНЫЙ,0.621
300,ШЕДЕВРАЛЬНЫЙ,0.62
301,СРАВНИМЫЙ,0.619
302,СНОСНЫЙ,0.618
303,ЧУТКИЙ,0.618
305,НЕВОЗМОЖНЫЙ,0.616
307,ПЕРЕЧИСЛЕННЫЙ,0.615
308,ХИЛЫЙ,0.615
309,ОТМЕННЫЙ,0.613
310,НЕОБХОДИМЫЙ,0.613
312,РАЗНООБРАЗНЫЙ,0.611
313,БЕЗЛИКИЙ,0.609
314,ПРАВДОПОДОБНЫЙ,0.609
319,НЕБОЛЬШОЙ,0.605
321,СПЕЦИФИЧНЫЙ,0.601
322,ПОРАЗИТЕЛЬНЫЙ,0.601
324,ЧУМОВОЙ,0.6
325,ПУСТОЙ,0.599
327,РЕДКОСТНЫЙ,0.597
328,ПРАВИЛЬНЫЙ,0.597
331,НЕОБЫЧАЙНЫЙ,0.594
332,НЕВООБРАЗИМЫЙ,0.594
334,МЕРЗКИЙ,0.591
335,УМОПОМРАЧИТЕЛЬНЫЙ,0.59
338,ЛИШНИЙ,0.5870000000000001
339,ЗДОРОВСКИЙ,0.5870000000000001
341,ИЗЛИШНИЙ,0.586
342,ВЦЕЛЫЙ,0.585
343,БЕСЧИСЛЕННЫЙ,0.584
344,ПЕЧАЛЬНЫЙ,0.584
345,КРАСИВЫЙ,0.583
346,ТУСКЛЫЙ,0.5820000000000001
347,АКТУАЛЬНЫЙ,0.5820000000000001
348,СПОРНЫЙ,0.5820000000000001
352,СВЕЖИЙ,0.58
354,НЕИМОВЕРНЫЙ,0.579
356,НАТУРАЛЬНЫЙ,0.578
358,ВТОРОСТЕПЕННЫЙ,0.5760000000000001
360,НЕПОДГОТОВЛЕННЫЙ,0.575
362,УМЕЛЫЙ,0.574
365,НАИВНЫЙ,0.573
372,МРАЧНЫЙ,0.57
377,ГРАМОТНЫЙ,0.568
378,ЭЛЕМЕНТАРНЫЙ,0.5670000000000001
379,РАЗМЫТЫЙ,0.5660000000000001
380,РУЧНОЙ,0.5660000000000001
381,НЕПОДРАЖАЕМЫЙ,0.5660000000000001
382,СУМАСШЕДШИЙ,0.565
383,ФАНТАСТИЧЕСКИЙ,0.565
384,СТОЯЩИЙ,0.564
385,ЭМОЦИОНАЛЬНЫЙ,0.564
387,ЛЕНИВЫЙ,0.563
393,НЕЛИНЕЙНЫЙ,0.561
396,ДУШЕВНЫЙ,0.5589999999999999
397,ПРИВЫЧНЫЙ,0.5589999999999999
402,КЛАССИЧЕСКИЙ,0.557
405,НЕПОСРЕДСТВЕННЫЙ,0.556
406,ПОДХОДЯЩИЙ,0.556
407,БЕЗОТКАЗНЫЙ,0.555
409,СЫРОЙ,0.5539999999999999
410,НАВЯЗЧИВЫЙ,0.5539999999999999
412,НЕУВЕРЕННЫЙ,0.552
414,ДАМСКИЙ,0.551
415,СКУДНЫЙ,0.551
416,ХИТРЫЙ,0.551
417,УСТАРЕВШИЙ,0.551
418,ЗАТЯНУТЫЙ,0.551
419,СПЕЦИФИЧЕСКИЙ,0.55
421,УТОМИТЕЛЬНЫЙ,0.5489999999999999
422,ЗАНУДНЫЙ,0.5489999999999999
423,ЯСНЫЙ,0.5479999999999999
426,ПАРШИВЫЙ,0.547
427,ВТОРИЧНЫЙ,0.547
428,ВОБЩИЙ,0.546
429,БЕСПЛАТНЫЙ,0.545
431,БИТЫЙ,0.545
432,МАЛОИЗВЕСТНЫЙ,0.544
435,СИМПОТИЧНЫЙ,0.544
436,УНИКАЛЬНЫЙ,0.5429999999999999
437,ЗАУМНЫЙ,0.5429999999999999
438,ПОХОЖИЙ,0.5429999999999999
440,ВКУСНЫЙ,0.542
446,НЕРОВНЫЙ,0.539
447,БЕЗУСЛОВНЫЙ,0.539
449,СООТВЕТСТВУЮЩИЙ,0.539
453,БОДРЫЙ,0.536
458,ПЛЮСОВЫЙ,0.534
459,ВЫДАЮЩИЙСЯ,0.5329999999999999
460,РОВНЫЙ,0.5329999999999999
462,НЕЗАБЫВАЕМЫЙ,0.5329999999999999
463,ЛЮБЯЩИЙ,0.532
464,ЖЕЛАТЕЛЬНЫЙ,0.532
465,АФИГЕННЫЙ,0.532
468,ШАБЛОННЫЙ,0.531
469,ЗАНЯТНЫЙ,0.53
475,ПОТЕРЯННЫЙ,0.529
478,НЕПРЕРЫВНЫЙ,0.528
479,НЕМЫСЛИМЫЙ,0.528
480,ОЧЕВИДНЫЙ,0.527
483,ДОСТУПНЫЙ,0.526
484,НЕОПЫТНЫЙ,0.525
492,СИЛЬНЫЙ,0.523
494,ПОДРОБНЫЙ,0.522
495,МЫЛЬНЫЙ,0.522
496,УДОБНЫЙ,0.522
497,ТОЧНЫЙ,0.521
500,КОРРЕКТНЫЙ,0.52
501,РАЗУМНЫЙ,0.52
502,НЕМАЛЫЙ,0.52
503,МНОГООБЕЩАЮЩИЙ,0.52
505,ДЛИННЫЙ,0.519
507,НЕМОЙ,0.518
508,УЖАСАЮЩИЙ,0.518
510,ЗАНИМАТЕЛЬНЫЙ,0.517
511,ПОВЕРХНОСТНЫЙ,0.517
513,УВЕРЕННЫЙ,0.517
514,ГЛЮЧНЫЙ,0.516
515,ЦЕННЫЙ,0.516
517,НЕЗНАКОМЫЙ,0.516
518,СЛЕПОЙ,0.515
520,САМОСТОЯТЕЛЬНЫЙ,0.515
522,ВИНОВАТЫЙ,0.515
526,НЕТРИВИАЛЬНЫЙ,0.514
528,ПРИНЦИПИАЛЬНЫЙ,0.514
530,ПРЕСНЫЙ,0.513
532,ДОШЛЫЙ,0.512
535,МЕЛКИЙ,0.511
539,СКРЫТЫЙ,0.511
543,УГОДНЫЙ,0.508
544,СТРАННЫЙ,0.508
546,ПОПУЛЯРНЫЙ,0.507
547,ХВАЛЕБНЫЙ,0.507
548,НЕКОРРЕКТНЫЙ,0.507
549,ЗАМЕТНЫЙ,0.506
551,ЧЕСТНЫЙ,0.505
552,ЯВНЫЙ,0.504
553,ЧУДНЫЙ,0.504
554,ФИЗИЧЕСКИЙ,0.504
556,НЕЖИВОЙ,0.503
557,МЕДЛЕННЫЙ,0.503
562,ДИКИЙ,0.503
564,ЛОГИЧЕСКИЙ,0.502
566,БЕССМЕРТНЫЙ,0.502
567,НЕВАЖНЫЙ,0.501
568,ХРУПКИЙ,0.501
569,БРАВЫЙ,0.501
570,СУЩЕСТВЕННЫЙ,0.501
573,ПРЕДВЗЯТЫЙ,0.501
575,ТУГОЙ,0.5
576,МНОГОГРАННЫЙ,0.499
578,ПРИМЕЧАТЕЛЬНЫЙ,0.499
580,МАЛОВАЖНЫЙ,0.498
581,ИЗЯЩНЫЙ,0.498
582,ЧИТАЕМЫЙ,0.498
583,ВООБЩИЙ,0.49700000000000005
584,МОМЕНТАЛЬНЫЙ,0.49700000000000005
585,НЕСЧАСТНЫЙ,0.49700000000000005
588,СТОЙКИЙ,0.496
589,УМЕСТНЫЙ,0.495
590,ОГРАНИЧЕННЫЙ,0.494
591,НЕХИЛЫЙ,0.494
592,НЕУСТОЙЧИВЫЙ,0.493
594,СОЛНЕЧНЫЙ,0.493
599,СБАЛАНСИРОВАННЫЙ,0.489
601,ГЛЯНЦЕВЫЙ,0.489
604,НЕВЫРАЗИТЕЛЬНЫЙ,0.489
605,МНОГОЧИСЛЕННЫЙ,0.488
606,АКТИВНЫЙ,0.488
607,НЕЯРКИЙ,0.488
608,АТМОСФЕРНЫЙ,0.488
610,РЕДКИЙ,0.48700000000000004
611,ПРОФЕССИОНАЛЬНЫЙ,0.48700000000000004
616,ОТРИЦАТЕЛЬНЫЙ,0.485
617,СПОКОЙНЫЙ,0.485
618,ВИДНЫЙ,0.485
619,СХОЖИЙ,0.484
620,ТРУДНЫЙ,0.484
621,МОЩНЫЙ,0.484
622,НЕОГРАНИЧЕННЫЙ,0.484
624,НИКАКУЩИЙ,0.483
625,ПРАКТИЧНЫЙ,0.483
626,МРАЧНОВАТЫЙ,0.483
627,БЕСПОЩАДНЫЙ,0.483
628,НЕОСПОРИМЫЙ,0.483
629,НЕВЕДОМЫЙ,0.483
630,ВОСТОРЖЕННЫЙ,0.483
635,ХОРШИЙ,0.48100000000000004
636,ПОГАНЫЙ,0.48100000000000004
638,НЕЙТРАЛЬНЫЙ,0.48100000000000004
639,КОЛОРИТНЫЙ,0.48100000000000004
640,ПРОТИВОРЕЧИВЫЙ,0.48100000000000004
641,УЮТНЫЙ,0.48
642,НЕОРДИНАРНЫЙ,0.48
643,СРЕДНИЙ,0.48
644,ЛЮБОПЫТНЫЙ,0.48
648,ФИРМЕННЫЙ,0.479
649,УБОЙНЫЙ,0.479
650,КОРОТКИЙ,0.478
651,УШЛЫЙ,0.478
655,СЧАСТЛИВЫЙ,0.47700000000000004
656,СКУЧЕННЫЙ,0.47600000000000003
659,ПОЗНАВАТЕЛЬНЫЙ,0.47600000000000003
660,ПРЕКРАСНЫЙ,0.474
662,ЧУВСТВИТЕЛЬНЫЙ,0.473
664,БЕЗБАШЕННЫЙ,0.473
666,ГЛАМУРНЫЙ,0.473
672,НЕПОХОЖИЙ,0.47100000000000003
676,ВЫРАЗИТЕЛЬНЫЙ,0.47
677,ИНТЕРЕСТНЫЙ,0.47
678,ПРОТИВОПОКАЗАННЫЙ,0.47
679,ВАЖНЫЙ,0.47
680,СКОЛЬЗКИЙ,0.469
681,ПРИТЯГАТЕЛЬНЫЙ,0.469
682,СВОЙСТВЕННЫЙ,0.469
683,ЛИНЕЙНЫЙ,0.469
687,НЕНОРМАЛЬНЫЙ,0.46799999999999997
688,ВИДИМЫЙ,0.46799999999999997
691,НЕВЕСОМЫЙ,0.46799999999999997
692,ЗАКРЫТЫЙ,0.46799999999999997
694,ЧИТАБЕЛЬНЫЙ,0.46799999999999997
696,СЫРОВАТЫЙ,0.467
697,РЕЗКИЙ,0.466
699,ВОЛШЕБНЫЙ,0.465
701,НЕДУРНОЙ,0.465
702,ОБЯЗАТЕЛЬНЫЙ,0.465
703,БЕДНЫЙ,0.465
705,НЕСКОНЧАЕМЫЙ,0.46399999999999997
718,ПОВСЕДНЕВНЫЙ,0.461
723,НЕСУЩЕСТВЕННЫЙ,0.46
725,ИСКУССТВЕННЫЙ,0.45899999999999996
728,ЗНАЮЩИЙ,0.45899999999999996
731,ПРИЕМЛЕМЫЙ,0.45899999999999996
732,ВНИМАТЕЛЬНЫЙ,0.45799999999999996
735,НЕПРОСТИТЕЛЬНЫЙ,0.457
736,НЕВЫСОКИЙ,0.457
739,ЧАСТЫЙ,0.456
740,ДРУЖЕЛЮБНЫЙ,0.456
741,ПРАВДИВЫЙ,0.456
743,НЕПРИТЯЗАТЕЛЬНЫЙ,0.455
745,КОРОТЕНЬКИЙ,0.45399999999999996
749,СТАРЫЙ,0.45299999999999996
751,ГРОМКИЙ,0.452
752,БОГАТЫЙ,0.452
755,РОДНОЙ,0.452
756,ЖИЗНЕННЫЙ,0.452
759,ПРОТИВНЫЙ,0.451
760,ЗАДУМЧИВЫЙ,0.451
761,ЗЕРКАЛЬНЫЙ,0.45
762,ТЯЖЕЛОВАТЫЙ,0.45
764,ХАРИЗМАТИЧНЫЙ,0.45
765,НЕВЕРНЫЙ,0.45
767,ПРИГОДНЫЙ,0.449
770,ВСЯЧЕСКИЙ,0.449
771,МЯГКИЙ,0.449
773,НЕУКЛЮЖИЙ,0.449
774,НЕРВНЫЙ,0.44799999999999995
775,ОТКРЫТЫЙ,0.44799999999999995
776,ТЯНУТЫЙ,0.44799999999999995
777,НЕЗАВИСИМЫЙ,0.44799999999999995
778,ВОЗМОЖНЫЙ,0.44799999999999995
780,ЗНАКОМЫЙ,0.44799999999999995
784,ДОБРЫЙ,0.447
785,СКРОМНЫЙ,0.447
786,ПАФОСНЫЙ,0.447
788,ГЛУХОЙ,0.446
792,НЕПОЛНЫЙ,0.445
796,ЗАУРЯДНЫЙ,0.445
797,ПРИСУЩИЙ,0.445
800,КОНТРАСТНЫЙ,0.444
803,ЧИСТЫЙ,0.442
805,РОМАНТИЧНЫЙ,0.442
806,ИСКУСТВЕННЫЙ,0.442
808,УКАЗАННЫЙ,0.441
810,НЕДОСТУПНЫЙ,0.441
812,НУЖНЫЙ,0.439
813,НЕДОСТАТОЧНЫЙ,0.439
815,ПРИВЛЕКАТЕЛЬНЫЙ,0.43799999999999994
817,БЕЗГРАНИЧНЫЙ,0.43799999999999994
818,ОБЪЕКТИВНЫЙ,0.43700000000000006
819,ДОПУСТИМЫЙ,0.43700000000000006
821,ВДУМЧИВЫЙ,0.436
823,РАСПЛЫВЧАТЫЙ,0.436
825,ДУРНОЙ,0.435
827,НЕКАЧЕСТВЕННЫЙ,0.435
831,УМЕРЕННЫЙ,0.434
833,ЧЕЛОВЕЧНЫЙ,0.434
834,ТРЕБОВАТЕЛЬНЫЙ,0.433
836,ЖЕНСТВЕННЫЙ,0.433
837,ДРАМАТИЧНЫЙ,0.433
838,МОДНЫЙ,0.433
839,ЛЮБИМЕЙШИЙ,0.43200000000000005
840,КАРТОННЫЙ,0.43200000000000005
842,ДЕТСКИЙ,0.43200000000000005
844,ВЕЧНЫЙ,0.43200000000000005
845,ГРОМОЗДКИЙ,0.43200000000000005
847,ХОРОШИЙ,0.431
848,НАДУМАННЫЙ,0.431
849,ЖИВУЧИЙ,0.431
850,НЕДОРОГОЙ,0.431
851,ДЕБИЛЬНЫЙ,0.431
853,КРАСНЫЙ,0.43
854,ПРИСТОЙНЫЙ,0.43
855,КОМФОРТНЫЙ,0.43
860,ПРЯМОЛИНЕЙНЫЙ,0.429
861,ЕДИНЫЙ,0.429
863,ПРОЧНЫЙ,0.429
865,НЕДАВНИЙ,0.429
866,НАЧАЛЬНЫЙ,0.428
867,НЕКАЗИСТЫЙ,0.428
869,ШУСТРЫЙ,0.428
871,ИЗВЕСТНЫЙ,0.42700000000000005
874,ВЫГОДНЫЙ,0.42700000000000005
876,ЗНАКОВЫЙ,0.42700000000000005
881,ПРОДОЛЖИТЕЛЬНЫЙ,0.426
883,ОМЕРЗИТЕЛЬНЫЙ,0.425
884,ФИЛОСОФСКИЙ,0.425
885,ЖУТКОВАТЫЙ,0.425
887,ВЕЛИКИЙ,0.425
890,НЕДОЛГИЙ,0.424
894,ДВОЯКИЙ,0.423
895,МОБИЛЬНЫЙ,0.423
899,НЕМИНУЕМЫЙ,0.423
904,БЕЗДУМНЫЙ,0.42200000000000004
905,НЕИЗВЕСТНЫЙ,0.42100000000000004
906,ЕСТЕСТВЕННЫЙ,0.42100000000000004
911,ФЭНТЕЗИЙНЫЙ,0.42
912,ИНТЕНСИВНЫЙ,0.42
913,БЕСЦЕННЫЙ,0.42
914,ОЩУТИМЫЙ,0.42
916,ДОХЛЫЙ,0.419
923,ГРУБЫЙ,0.418
924,НЕХИТРЫЙ,0.418
926,ИНФОРМАТИВНЫЙ,0.418
927,НЕСОВЕРШЕННЫЙ,0.41700000000000004
928,ОТПАДНЫЙ,0.41700000000000004
930,ПРИШЛЫЙ,0.41600000000000004
931,ЭФФЕКТИВНЫЙ,0.41600000000000004
932,НАСТОЯЩИЙ,0.41600000000000004
935,ВИЗУАЛЬНЫЙ,0.41600000000000004
937,ПЕРЕДНИЙ,0.41600000000000004
943,ПРОБЛЕМАТИЧНЫЙ,0.414
946,ПЛАСТМАССОВЫЙ,0.413
951,НЕБОГАТЫЙ,0.41200000000000003
954,НЕМЕЦКИЙ,0.41100000000000003
955,БЛАГОДАРНЫЙ,0.41100000000000003
957,ТРОГАТЕЛЬНЫЙ,0.41100000000000003
960,УНИВЕРСАЛЬНЫЙ,0.41
961,ПРОТИВОПОЛОЖНЫЙ,0.41
964,РАННИЙ,0.409
967,КОНКРЕТНЫЙ,0.408
968,АККУРАТНЫЙ,0.408
971,МЕНЬШИЙ,0.408
975,УБЕДИТЕЛЬНЫЙ,0.40700000000000003
977,ЛЕВЫЙ,0.40700000000000003
980,СТРАННОВАТЫЙ,0.40700000000000003
981,ЛАКОНИЧНЫЙ,0.40700000000000003
983,СЛЫШНЫЙ,0.40700000000000003
984,РАВНЫЙ,0.405
986,НЕЧЕЛОВЕЧЕСКИЙ,0.405
988,ГОТОВЫЙ,0.405
990,ЗНАЧИТЕЛЬНЫЙ,0.40399999999999997
996,ШИРОКИЙ,0.40299999999999997
997,ЗАПРЕДЕЛЬНЫЙ,0.40299999999999997
998,СОМНИТЕЛЬНЫЙ,0.40299999999999997
999,ПРИДИРЧИВЫЙ,0.40299999999999997
1003,МОНОТОННЫЙ,0.402
1006,СТРЕМНЫЙ,0.402
1012,ВЕСОМЫЙ,0.401
1016,УВЕСИСТЫЙ,0.4
1018,ПОЛОЖИТЕЛЬНЫЙ,0.4
1021,СЛУЧАЙНЫЙ,0.4
1022,НЕПОСТИЖИМЫЙ,0.4
1023,МИСТИЧЕСКИЙ,0.39899999999999997
1025,ХАРАКТЕРНЫЙ,0.39899999999999997
1027,НЕИЗМЕННЫЙ,0.39899999999999997
1028,ОЧЕРЕДНОЙ,0.39799999999999996
1031,УЗКИЙ,0.39799999999999996
1032,ГОРДЫЙ,0.39799999999999996
1033,ЭПИЧЕСКИЙ,0.39799999999999996
1037,БЫСТРЫЙ,0.39799999999999996
1039,ЧУДОВИЩНЫЙ,0.39799999999999996
1041,ОЧАРОВАТЕЛЬНЫЙ,0.39799999999999996
1044,ВПЕЧАТЛИТЕЛЬНЫЙ,0.397
1046,ПОТРАЧЕНЫЙ,0.396
1047,ЦИФРОВОЙ,0.396
1050,ВЕРНЫЙ,0.396
1053,ЖИВОТНЫЙ,0.395
1055,ПРИНУДИТЕЛЬНЫЙ,0.395
1056,НЕВИДИМЫЙ,0.395
1059,БЕШЕНЫЙ,0.39399999999999996
1061,ИЗБИТЫЙ,0.39399999999999996
1063,НЕЛЮБИМЫЙ,0.39399999999999996
1065,БОЖЕСТВЕННЫЙ,0.39299999999999996
1066,УРЕЗАННЫЙ,0.39299999999999996
1069,СПОСОБНЫЙ,0.39299999999999996
1070,СМЕРТЕЛЬНЫЙ,0.39299999999999996
1076,НЕУМЕСТНЫЙ,0.392
1077,ГОВОРЯЩИЙ,0.391
1085,САМОДОСТАТОЧНЫЙ,0.391
1086,ЗДРАВЫЙ,0.391
1089,БЕСПОРЯДОЧНЫЙ,0.39
1090,ВИРТУАЛЬНЫЙ,0.39
1091,СДЕЛАНЫЙ,0.39
1092,ПОЛНОЦЕННЫЙ,0.39
1093,ОРГАНИЧНЫЙ,0.389
1096,НЕИЗБЕЖНЫЙ,0.389
1097,РАДОСТНЫЙ,0.389
1099,ЗАБЫТЫЙ,0.389
1100,РОСКОШНЫЙ,0.38799999999999996
1101,СВЯЗАННЫЙ,0.38799999999999996
1102,ВЫЗЫВАЮЩИЙ,0.38799999999999996
1105,СНОГСШИБАТЕЛЬНЫЙ,0.387
1107,ЛЮБИТЕЛЬСКИЙ,0.387
1109,БЛИЗКИЙ,0.386
1111,ПОПСОВЫЙ,0.386
1112,МНОГОЛЕТНИЙ,0.386
1116,ОПТИМАЛЬНЫЙ,0.385
1118,ТОЛСТЫЙ,0.385
1122,СКУПОЙ,0.384
1124,ЗДОРОВЫЙ,0.384
1125,ПРОСТИТЕЛЬНЫЙ,0.38299999999999995
1127,КУЛЬТОВЫЙ,0.38299999999999995
1130,НЕПОЛНОЦЕННЫЙ,0.38299999999999995
1132,НЕСМЕШНОЙ,0.382
1133,ДВОЙСТВЕННЫЙ,0.382
1135,КРУПНЫЙ,0.382
1137,АБСОЛЮТНЫЙ,0.381
1139,НЕГЛУБОКИЙ,0.381
1141,ОБЩИЙ,0.381
1142,НЕПРАВДОПОДОБНЫЙ,0.381
1145,ОБШИРНЫЙ,0.381
1146,ЖЕСТОКИЙ,0.38
1149,ЗНАЧИМЫЙ,0.38
1155,БЕЗДУШНЫЙ,0.379
1156,ЗАБИТЫЙ,0.379
1157,КРЕПКИЙ,0.379
1159,НИЗКИЙ,0.379
1161,ТЯЖЕЛОВЕСНЫЙ,0.379
1166,АБСУРДНЫЙ,0.37799999999999995
1167,МУЧИТЕЛЬНЫЙ,0.37799999999999995
1168,РОЗОВЫЙ,0.37799999999999995
1173,ЗАМЫСЛОВАТЫЙ,0.37799999999999995
1180,ВНУШИТЕЛЬНЫЙ,0.377
1181,НЕВРАЗУМИТЕЛЬНЫЙ,0.377
1183,ГРЯЗНЫЙ,0.376
1185,ЭРОТИЧЕСКИЙ,0.375
1196,ОБИДНЫЙ,0.373
1199,ОБЫКНОВЕННЫЙ,0.373
1206,НЕЛОВКИЙ,0.371
1207,МАЛЮСЕНЬКИЙ,0.371
1209,СТАЛЬНОЙ,0.371
1211,ПЕРЕХОДЯЩИЙ,0.371
1212,СРЕДНЕСТАТИСТИЧЕСКИЙ,0.371
1216,ЭСТЕТИЧЕСКИЙ,0.37
1217,МУДРЫЙ,0.37
1218,АЛЬТЕРНАТИВНЫЙ,0.37
1221,ХЛИПКИЙ,0.369
1226,БЕСШУМНЫЙ,0.368
1229,ОБЫДЕННЫЙ,0.368
1230,НОСТАЛЬГИЧЕСКИЙ,0.368
1234,ОСТРЫЙ,0.36700000000000005
1235,ДОПОЛНИТЕЛЬНЫЙ,0.36700000000000005
1236,ПРОВАЛЬНЫЙ,0.366
1237,УРОДЛИВЫЙ,0.366
1239,ГРУБОВАТЫЙ,0.366
1240,ЗЛОБНЫЙ,0.366
1242,ТОНЕНЬКИЙ,0.365
1247,КАРМАННЫЙ,0.364
1250,СТРОГИЙ,0.364
1251,РЕАЛЬНЫЙ,0.364
1253,МНОГОЗНАЧИТЕЛЬНЫЙ,0.363
1257,ПРИМЕНИМЫЙ,0.363
1258,ПРЕСЛОВУТЫЙ,0.363
1260,НЕПОДВИЖНЫЙ,0.363
1261,ПРИКЛЮЧЕНЧЕСКИЙ,0.36200000000000004
1262,УСТОЙЧИВЫЙ,0.36200000000000004
1263,ЦЕЛЬНЫЙ,0.36200000000000004
1265,ФОНОВЫЙ,0.36200000000000004
1266,ДЕРЕВЯННЫЙ,0.36200000000000004
1267,ИДЕНТИЧНЫЙ,0.36200000000000004
1270,НЕРЯШЛИВЫЙ,0.361
1272,ИСКЛЮЧИТЕЛЬНЫЙ,0.361
1273,ПОУЧИТЕЛЬНЫЙ,0.361
1274,ЧЕЛОВЕЧЕСКИЙ,0.361
1277,ЗАМАНЧИВЫЙ,0.36
1279,ГЛОБАЛЬНЫЙ,0.36
1284,ОДНОВРЕМЕННЫЙ,0.359
1287,СНЯТОЙ,0.358
1288,ОПЫТНЫЙ,0.358
1290,ЖЕНСКИЙ,0.358
1294,ОСТОРОЖНЫЙ,0.35700000000000004
1295,СЛАБОНЕРВНЫЙ,0.35700000000000004
1299,ПРЕЛЕСТНЫЙ,0.35600000000000004
1302,ОБЫЧНЫЙ,0.35600000000000004
1303,ПРОНЗИТЕЛЬНЫЙ,0.35600000000000004
1306,БЕСПРЕРЫВНЫЙ,0.355
1309,ЦВЕТНОЙ,0.355
1310,ОТЗЫВЧИВЫЙ,0.355
1311,ДОЛЖНЫЙ,0.355
1314,МИНИМАЛЬНЫЙ,0.355
1317,ПЕРЕХОДНЫЙ,0.354
1319,НЕСПОСОБНЫЙ,0.354
1321,ДОСТАТОЧНЫЙ,0.353
1324,ПЕРЕДОВОЙ,0.353
1325,ПЛОТНЫЙ,0.35200000000000004
1327,КАПРИЗНЫЙ,0.35200000000000004
1332,НИЗКОПРОБНЫЙ,0.35200000000000004
1333,КАМЕРНЫЙ,0.35200000000000004
1334,МАЛЕНЬКИЙ,0.35200000000000004
1336,РОМАНТИЧЕСКИЙ,0.35100000000000003
1337,КРИТИЧНЫЙ,0.35100000000000003
1338,НЕСЛАБЫЙ,0.35100000000000003
1339,БРУТАЛЬНЫЙ,0.35100000000000003
1341,НЕИДЕАЛЬНЫЙ,0.35
1342,КИТАЙСКИЙ,0.35
1343,БЕЗУКОРИЗНЕННЫЙ,0.35
1348,ОКОНЧАТЕЛЬНЫЙ,0.35
1350,ИНДИВИДУАЛЬНЫЙ,0.35
1351,НЕИЗГЛАДИМЫЙ,0.349
1355,ПОВЫШЕННЫЙ,0.348
1364,ЗАГЛАВНЫЙ,0.34700000000000003
1367,СЛОВАРНЫЙ,0.34700000000000003
1370,ЧУВСТВЕННЫЙ,0.34600000000000003
1376,ТРИВИАЛЬНЫЙ,0.34600000000000003
1377,НЕНАВИСТНЫЙ,0.34600000000000003
1379,ХОРОШЕНЬКИЙ,0.345
1380,СТОРОННИЙ,0.345
1381,БЕСПРОВОДНЫЙ,0.345
1382,НЕПРИХОТЛИВЫЙ,0.345
1389,ТОПОРНЫЙ,0.344
1391,ТРАГИЧНЫЙ,0.344
1393,МАТОВЫЙ,0.344
1395,НЕВМЕНЯЕМЫЙ,0.344
1397,ИГРУШЕЧНЫЙ,0.34299999999999997
1403,СЕРЕБРИСТЫЙ,0.34299999999999997
1410,СОПЛИВЫЙ,0.342
1414,БЕСПРОСВЕТНЫЙ,0.342
1417,ОСНОВАТЕЛЬНЫЙ,0.342
1421,СЛАЩАВЫЙ,0.341
1422,ИНТЕЛЛЕКТУАЛЬНЫЙ,0.341
1425,НЕБАНАЛЬНЫЙ,0.341
1426,ЗОЛОТОЙ,0.341
1433,КРАЙНИЙ,0.33899999999999997
1434,БЕСКОРЫСТНЫЙ,0.33899999999999997
1436,ПРОЗРАЧНЫЙ,0.33899999999999997
1438,ШКОЛЬНЫЙ,0.33799999999999997
1443,СЛЮНЯВЫЙ,0.33799999999999997
1445,НЕСРАВНЕННЫЙ,0.33799999999999997
1451,ТЯГОМОТНЫЙ,0.337
1452,ПАРАДОКСАЛЬНЫЙ,0.337
1456,РЯДОВОЙ,0.336
1457,ДОСАДНЫЙ,0.336
1458,НИКУДЫШНЫЙ,0.336
1459,СМЕХОТВОРНЫЙ,0.336
1460,РАЗНЫЙ,0.336
1461,ЗАВИСИМЫЙ,0.336
1465,БЕЗВКУСНЫЙ,0.335
1466,ДРЕВНИЙ,0.335
1468,СКЛОННЫЙ,0.335
1470,ИГРОВОЙ,0.335
1472,СОВЕРШЕННЫЙ,0.335
1473,ГИГАНТСКИЙ,0.335
1474,БЕЗЖАЛОСТНЫЙ,0.33399999999999996
1484,ОТЧИЙ,0.33299999999999996
1490,КРИТИЧЕСКИЙ,0.33299999999999996
1491,НЕГЛУПЫЙ,0.332
1492,НЕПРИГЛЯДНЫЙ,0.332
1493,ФИГОВЫЙ,0.332
1495,АНАЛОГИЧНЫЙ,0.332
1503,ГОДНЫЙ,0.331
1504,ЧРЕЗМЕРНЫЙ,0.331
1507,ОБАЯТЕЛЬНЫЙ,0.33
1508,ЦВЕТОВОЙ,0.33
1515,ХУДОЖЕСТВЕННЫЙ,0.33
1520,УСЛОВНЫЙ,0.32899999999999996
1529,ДЛИТЕЛЬНЫЙ,0.32799999999999996
1530,ПОВОРОТНЫЙ,0.32799999999999996
1541,РЕКЛАМНЫЙ,0.327
1543,БЕСЦВЕТНЫЙ,0.327
1550,НЕЗАУРЯДНЫЙ,0.327
1551,ОСТРОУМНЫЙ,0.327
1552,ПОПРАВИМЫЙ,0.327
1553,СПОРТИВНЫЙ,0.327
1559,ЖИЗНЕУТВЕРЖДАЮЩИЙ,0.326
1560,МУЖСКОЙ,0.326
1561,КОМПЬЮТЕРНЫЙ,0.326
1563,ПРЕДУСМОТРЕННЫЙ,0.325
1566,СМЕРТНЫЙ,0.325
1569,БУМАЖНЫЙ,0.325
1571,СЛАВНЫЙ,0.324
1573,НАГЛЫЙ,0.324
1575,ОБМАНЧИВЫЙ,0.324
1579,НЕМОЛОДОЙ,0.324
1588,БЕЗЗАЩИТНЫЙ,0.32299999999999995
1589,ЛУБОЧНЫЙ,0.32299999999999995
1590,МИНУТНЫЙ,0.32299999999999995
1591,УВАЖАЕМЫЙ,0.32299999999999995
1595,КРОХОТНЫЙ,0.322
1597,СИВЫЙ,0.321
1604,НЕЯСНЫЙ,0.32
1606,ЛИРИЧНЫЙ,0.32
1609,ВЫПУКЛЫЙ,0.319
1611,ТОСКЛИВЫЙ,0.319
1613,НЕПРИКРЫТЫЙ,0.319
1616,ПРОТИВОУДАРНЫЙ,0.318
1617,ДАННЫЙ,0.318
1618,ДЕПРЕССИВНЫЙ,0.318
1619,НЕОБЪЯСНИМЫЙ,0.318
1622,ПОСТОРОННИЙ,0.317
1623,РАЗВЛЕКАТЕЛЬНЫЙ,0.317
1624,ФАЛЬШИВЫЙ,0.317
1634,НЕШУМНЫЙ,0.316
1636,СОБСТВЕННЫЙ,0.316
1637,СХЕМАТИЧНЫЙ,0.316
1639,КАЖУЩИЙСЯ,0.316
1641,ЗЕРНИСТЫЙ,0.315
1642,ЖИРНЫЙ,0.315
1647,ИСХОДЯЩИЙ,0.315
1653,НЕУМЕЛЫЙ,0.314
1654,СУРОВЫЙ,0.314
1656,КАЧЕСТВЕНЫЙ,0.314
1661,НЕУБЕДИТЕЛЬНЫЙ,0.313
1662,ТОШНОТВОРНЫЙ,0.313
1665,БЕССВЯЗНЫЙ,0.313
1666,БЕРЕЖНЫЙ,0.313
1668,ЗВУКОВОЙ,0.312
1669,ОТДЕЛЬНЫЙ,0.312
1670,БАЗОВЫЙ,0.312
1671,БЕСПОМОЩНЫЙ,0.312
1672,НЕНОРМАТИВНЫЙ,0.312
1674,БЕЗОПАСНЫЙ,0.311
1675,ТВОРЧЕСКИЙ,0.311
1678,СУМБУРНЫЙ,0.311
1679,УМОРИТЕЛЬНЫЙ,0.311
1680,БЕЗУДЕРЖНЫЙ,0.311
1681,КАРИКАТУРНЫЙ,0.311
1686,ПОСТОЯННЫЙ,0.31
1688,ЖАДНЫЙ,0.31
1693,ГОЛЫЙ,0.309
1697,ДЕМОКРАТИЧНЫЙ,0.309
1698,НЕЗАБВЕННЫЙ,0.309
1701,ПРОПИСНОЙ,0.309
1703,ИНТЕЛЛИГЕНТНЫЙ,0.309
1704,СРЕДНЕВЕКОВЫЙ,0.309
1705,ПРОНИКНОВЕННЫЙ,0.308
1706,УБИЙСТВЕННЫЙ,0.308
1707,ПЕРЕСТРОЕЧНЫЙ,0.308
1709,СОЛИДНЫЙ,0.308
1710,ПОЛЫЙ,0.308
1712,НЕРЕЗКИЙ,0.308
1714,КНИЖНЫЙ,0.308
1716,НАСЛЫШАННЫЙ,0.308
1719,НЕТИПИЧНЫЙ,0.307
1720,НЕБЛАГОДАРНЫЙ,0.307
1725,БЕЗЗАБОТНЫЙ,0.306
1727,УГЛОВАТЫЙ,0.306
1728,ДЕЛЬНЫЙ,0.306
1732,ЦИФРОВИКИЙ,0.305
1735,ПОШАГОВЫЙ,0.305
1736,ПОСИЛЬНЫЙ,0.305
1738,ОГРОМНЫЙ,0.305
1743,СМЕЛЫЙ,0.304
1746,РЕЗИНОВЫЙ,0.304
1748,КРАТКИЙ,0.304
1751,ЦВЕТАСТЫЙ,0.304
1752,ВАННЫЙ,0.303
1755,НЕНАСТОЯЩИЙ,0.303
1756,НЕПОДДЕЛЬНЫЙ,0.303
1757,СЕНТИМЕНТАЛЬНЫЙ,0.303
1760,СПЕЦИАЛЬНЫЙ,0.302
1763,НАТЯНУТЫЙ,0.302
1764,ВСЕВОЗМОЖНЫЙ,0.302
1765,БЕЗРАЗЛИЧНЫЙ,0.302
1766,ПИШУЩИЙ,0.302
1769,НЕВИДАННЫЙ,0.301
1770,БЕСКОМПРОМИССНЫЙ,0.301
1775,ЭЛЕГАНТНЫЙ,0.301
1776,СМЕШАННЫЙ,0.301
1779,ЛЕТНИЙ,0.301
1782,МУЛЬТЯШНЫЙ,0.3
1784,МИНИАТЮРНЫЙ,0.3
1785,МАСТЕРСКИЙ,0.3
1789,ОКРУЖАЮЩИЙ,0.299
1793,СТЕКЛЯННЫЙ,0.299
1794,УДРУЧАЮЩИЙ,0.299
1795,НЕЗРЕЛЫЙ,0.299
1800,КИНОШНЫЙ,0.298
1801,АККУМУЛЯТОРНЫЙ,0.298
1810,ФИНАЛЬНЫЙ,0.297
1811,ЭПОХАЛЬНЫЙ,0.297
1812,ОПТИМИСТИЧНЫЙ,0.297
1817,НЕВИННЫЙ,0.297
1818,РЕЗВЫЙ,0.297
1819,ДОМАШНИЙ,0.297
1820,НЕСПРАВЕДЛИВЫЙ,0.297
1822,ПРАКТИЧЕСКИЙ,0.29600000000000004
1825,ЗАКОНОМЕРНЫЙ,0.29600000000000004
1826,ГРОТЕСКНЫЙ,0.29600000000000004
1827,БЕЗУСПЕШНЫЙ,0.29600000000000004
1829,ДОЛГОИГРАЮЩИЙ,0.295
1831,ТЕПЕРЕШНИЙ,0.295
1832,НЕДОСТОЙНЫЙ,0.295
1833,ТЕХНИЧЕСКИЙ,0.295
1835,БЮДЖЕТНЫЙ,0.294
1837,НЕЗЕМНОЙ,0.294
1838,НЕАККУРАТНЫЙ,0.294
1839,БЕЗОБИДНЫЙ,0.294
1841,НЕТРАДИЦИОННЫЙ,0.294
1842,ТЕКУЩИЙ,0.294
1843,ДЕТЕКТИВНЫЙ,0.294
1844,ГНУСНЫЙ,0.294
1845,ЦЕЛЫЙ,0.294
1847,ПРЕТЕНЦИОЗНЫЙ,0.294
1849,МНОГОСЛОЙНЫЙ,0.294
1851,ПРОРЕЗИНЕННЫЙ,0.293
1855,КРИВОРУКИЙ,0.293
1856,ДУШЕЩИПАТЕЛЬНЫЙ,0.293
1857,ПЫЛЬНЫЙ,0.293
1860,ЛУТШИЙ,0.292
1861,ЗАЯДЛЫЙ,0.292
1863,МУЗЫКАЛЬНЫЙ,0.292
1866,БЛАГОРОДНЫЙ,0.292
1868,МАССОВЫЙ,0.292
1870,ПРИХОТЛИВЫЙ,0.292
1871,СКОРОСТНОЙ,0.29100000000000004
1872,ИЗЫСКАННЫЙ,0.29100000000000004
1882,НЕЗАКОНЧЕННЫЙ,0.29
1887,НЕСВОЙСТВЕННЫЙ,0.29
1889,ИСТИННЫЙ,0.29
1895,ЛЕГЕНДАРНЫЙ,0.289
1896,ОСОБЫЙ,0.28800000000000003
1898,ВЫСОКИЙ,0.28800000000000003
1901,НЕКОТРЫЙ,0.28800000000000003
1902,БЛАГОПОЛУЧНЫЙ,0.28800000000000003
1903,НЕВНИМАТЕЛЬНЫЙ,0.28800000000000003
1905,СИНИЙ,0.28800000000000003
1907,ФЕЕРИЧЕСКИЙ,0.28800000000000003
1910,УСТАНОВЛЕННЫЙ,0.28800000000000003
1911,ПОСЛЕДУЮЩИЙ,0.287
1912,СЕГОДНЯШНИЙ,0.287
1916,КОСМИЧЕСКИЙ,0.287
1918,ОФИСНЫЙ,0.28600000000000003
1924,НЕОБЪЯТНЫЙ,0.28600000000000003
1925,ФУНКЦИОНАЛЬНЫЙ,0.28600000000000003
1927,ПРИТОРНЫЙ,0.28600000000000003
1928,НЕИСЧЕРПАЕМЫЙ,0.28600000000000003
1929,РАЗМЕРЕННЫЙ,0.28600000000000003
1932,СТАРОМОДНЫЙ,0.285
1937,ХОЛОДНЫЙ,0.284
1940,МЕДЛИТЕЛЬНЫЙ,0.284
1946,НЕОБРАЗОВАННЫЙ,0.284
1949,НЕМАЛЕНЬКИЙ,0.284
1950,ЮМОРИСТИЧЕСКИЙ,0.284
1951,ГНЕТУЩИЙ,0.284
1954,ГУМАННЫЙ,0.28300000000000003
1961,КРАТНЫЙ,0.28300000000000003
1962,НЕЗДОРОВЫЙ,0.28300000000000003
1965,МЛАДШИЙ,0.282
1968,КРОВАВЫЙ,0.282
1971,ЧУЖДЫЙ,0.282
1972,ПРИЗНАННЫЙ,0.282
1973,ТОРМОЗНОЙ,0.282
1976,ТЯГОСТНЫЙ,0.282
1981,ЦЕПКИЙ,0.281
1987,АУТЕНТИЧНЫЙ,0.28
1988,СМЫСЛОВОЙ,0.28
1990,УДОБОВАРИМЫЙ,0.28
1991,УХВАТИСТЫЙ,0.28
1994,НАБИТЫЙ,0.28
1997,НЕСУЩИЙ,0.28
2002,ВЫЧУРНЫЙ,0.27899999999999997
2005,НЕПРИЕМЛЕМЫЙ,0.27899999999999997
2006,БЕЗЫСХОДНЫЙ,0.27899999999999997
2007,АВТОМАТИЧЕСКИЙ,0.278
2010,СУЩЕСТВУЮЩИЙ,0.278
2014,ЖАНРОВЫЙ,0.278
2017,МЕЛОЧНЫЙ,0.278
2019,РАЗВЕСИСТЫЙ,0.27699999999999997
2022,ПУТНЫЙ,0.27699999999999997
2026,ЗЛОБОДНЕВНЫЙ,0.27699999999999997
2028,ОСЯЗАЕМЫЙ,0.27699999999999997
2029,БАТАРЕЙНЫЙ,0.27699999999999997
2031,ИНТРИГУЮЩИЙ,0.276
2035,СИМВОЛИЧНЫЙ,0.276
2036,САМЫЙ-САМЫЙ,0.276
2037,ЗРЕЛИЩНЫЙ,0.276
2039,ПЛОХОВАТЫЙ,0.276
2040,ЦЕЛОСТНЫЙ,0.276
2042,ЭРГОНОМИЧНЫЙ,0.276
2043,ВЕЖЛИВЫЙ,0.276
2050,ГАРАНТИЙНЫЙ,0.276
2057,СИСТЕМНЫЙ,0.275
2063,УСПЕШНЫЙ,0.275
2066,НЕСОВМЕСТИМЫЙ,0.27399999999999997
2068,ЗАЩИТНЫЙ,0.27399999999999997
2070,ОДНОКРАТНЫЙ,0.27399999999999997
2072,БЛИСТАТЕЛЬНЫЙ,0.27399999999999997
2075,СВОБОДНЫЙ,0.27399999999999997
2076,ВОБЩИЙ-ТО,0.27399999999999997
2080,ИЩУЩИЙ,0.27399999999999997
2083,ЗАПИСНОЙ,0.27399999999999997
2085,НЕРАЗУМНЫЙ,0.273
2086,КРОШЕЧНЫЙ,0.273
2087,НЕКОНТРОЛИРУЕМЫЙ,0.273
2090,РЕШАЮЩИЙ,0.273
2091,ПРОБЛЕМНЫЙ,0.273
2092,ЗЛОЙ,0.273
2096,ВНУТРЕННИЙ,0.273
2097,ПОДЛИННЫЙ,0.272
2099,ЗВОНКИЙ,0.272
2100,ВНЕЗАПНЫЙ,0.272
2103,РАЗЛИЧНЫЙ,0.272
2105,НЕПРЕОДОЛИМЫЙ,0.272
2106,ПРОКЛЯТЫЙ,0.272
2107,ТЕРПЕЛИВЫЙ,0.272
2108,ГЛАНЫЙ,0.272
2109,НЕРАСКРЫТЫЙ,0.272
2114,ФИОЛЕТОВЫЙ,0.271
2122,ГРАФИЧЕСКИЙ,0.27
2128,КАЖДОДНЕВНЫЙ,0.27
2131,ЗАВИДНЫЙ,0.27
2135,ИРОНИЧНЫЙ,0.27
2140,ИНФАНТИЛЬНЫЙ,0.26899999999999996
2141,ЖИВОПИСНЫЙ,0.26899999999999996
2143,ОБРАЗНЫЙ,0.26899999999999996
2144,МАЛОЛЕТНИЙ,0.26899999999999996
2149,ДРУЖЕСТВЕННЫЙ,0.26899999999999996
2159,ОФИЦИАЛЬНЫЙ,0.268
2161,НЕУМОЛИМЫЙ,0.268
2164,МАЛОПОНЯТНЫЙ,0.268
2165,НЕОТДЕЛИМЫЙ,0.268
2166,ЭКСТРЕМАЛЬНЫЙ,0.268
2171,ГОЛОСОВОЙ,0.268
2174,МЕЛКОВАТЫЙ,0.267
2177,ДЕВИЧИЙ,0.267
2178,ОБВОРОЖИТЕЛЬНЫЙ,0.267
2179,ПОРТРЕТНЫЙ,0.267
2180,РАЗДУТЫЙ,0.267
2183,СЕРИЙНЫЙ,0.267
2185,ФИЛОСОВСКИЙ,0.267
2187,БЕСХИТРОСТНЫЙ,0.267
2189,БЕССОЗНАТЕЛЬНЫЙ,0.266
2191,КРЕАТИВНЫЙ,0.266
2192,МНОГОКРАТНЫЙ,0.266
2194,ЖЕЛАЕМЫЙ,0.266
2199,БОЛЕЗНЕННЫЙ,0.266
2201,НЕСТАБИЛЬНЫЙ,0.266
2202,ПРОЖОРЛИВЫЙ,0.266
2205,ЗАДНИЙ,0.266
2210,ПИСКЛЯВЫЙ,0.265
2212,ТОТАЛЬНЫЙ,0.265
2222,ДЕЛОВОЙ,0.264
2223,НЕДОСЯГАЕМЫЙ,0.264
2226,НЕРАЗРЕШИМЫЙ,0.264
2227,ШЕРШАВЫЙ,0.264
2228,ПАРАНОИДАЛЬНЫЙ,0.263
2229,СОВРЕМЕННЫЙ,0.263
2230,ОПЕРАТОРСКИЙ,0.263
2231,ЛАЖОВЫЙ,0.263
2234,УДОВЛЕТВОРИТЕЛЬНЫЙ,0.263
2236,НЕОСТОРОЖНЫЙ,0.263
2237,БЕЗОТВЕТСТВЕННЫЙ,0.263
2240,БЕЗВОЛЬНЫЙ,0.263
2241,МНОГОФУНКЦИОНАЛЬНЫЙ,0.263
2244,МАРКЕТИНГОВЫЙ,0.263
2246,СВЕРХЪЕСТЕСТВЕННЫЙ,0.263
2249,СИЛЬНЕЙШИЙ,0.262
2253,БЕЗЫСКУСНЫЙ,0.262
2256,СТАРОВАТЫЙ,0.262
2258,ИЗРЯДНЫЙ,0.262
2260,ЧЕРНУШНЫЙ,0.262
2261,СУХОЙ,0.262
2263,ОБИЖЕННЫЙ,0.261
2264,СОСЕДНИЙ,0.261
2265,ГОЛИМЫЙ,0.261
2269,КОТРЫЙ,0.261
2271,КОММЕРЧЕСКИЙ,0.261
2272,НЕВЫРАЗИМЫЙ,0.26
2273,ДОКУМЕНТАЛЬНЫЙ,0.26
2275,ВЫХОДНОЙ,0.26
2276,НЕОБИТАЕМЫЙ,0.26
2281,ГЕРМЕТИЧНЫЙ,0.26
2285,КИНЕМАТОГРАФИЧНЫЙ,0.259
2288,ГАДКИЙ,0.259
2295,ЛИЧНЫЙ,0.259
2297,НЕСРАВНИМЫЙ,0.259
2298,УБИТЫЙ,0.259
2300,БЛАГОДАТНЫЙ,0.259
2301,БОЛЬНОЙ,0.259
2302,ОДИНОКИЙ,0.258
2305,СЛЕЗЛИВЫЙ,0.258
2311,ЛИРИЧЕСКИЙ,0.258
2316,СЛАДКИЙ,0.258
2318,ШПИОНСКИЙ,0.258
2320,СМЕННЫЙ,0.258
2323,БАЛЬНЫЙ,0.258
2324,СОБРАННЫЙ,0.257
2327,НЕСКУЧНЫЙ,0.257
2329,ВЕРХНИЙ,0.257
2333,ПО-ДОБРЫЙ,0.256
2335,НЫНЕШНИЙ,0.256
2337,БЕЗОТВЕТНЫЙ,0.256
2338,СОКРОВЕННЫЙ,0.256
2339,НЕПРОФЕССИОНАЛЬНЫЙ,0.256
2341,ЗАНЯТЫЙ,0.255
2342,КАНОНИЧЕСКИЙ,0.255
2344,НЕПОБЕДИМЫЙ,0.255
2345,ТРЕЗВЫЙ,0.255
2348,ИСПРАВИМЫЙ,0.255
2349,АВТОРСКИЙ,0.255
2354,МЫСЛЯЩИЙ,0.254
2357,УТОПИЧЕСКИЙ,0.254
2358,ХИТРОУМНЫЙ,0.254
2364,ДОРОГОВАТЫЙ,0.254
2367,БОРОДАТЫЙ,0.254
2371,НЕБЕСНЫЙ,0.253
2376,ДАВНИЙ,0.253
2378,НЕТОЧНЫЙ,0.253
2382,ПОДРОСТКОВЫЙ,0.253
2384,ДАВЯЩИЙ,0.253
2385,БЕЗВЫХОДНЫЙ,0.252
2386,САМОБЫТНЫЙ,0.252
2387,ДОЛГИЙ,0.252
2388,ТАЛАНТЛИВЫЙ,0.252
2392,НЕИЗБИТЫЙ,0.252
2394,ХОДЯЧИЙ,0.252
2395,ПАНОРАМНЫЙ,0.251
2397,ПОЛНЫЙ,0.251
2401,ПЕРЕРОСЛЫЙ,0.251
2402,ПОДСОЗНАТЕЛЬНЫЙ,0.251
2404,ЭЛЕКТРОННЫЙ,0.251
2405,МАЛОИНТЕРЕСНЫЙ,0.251
2407,СУЩИЙ,0.251
2412,ТУХЛЫЙ,0.251
2413,НЕУМНЫЙ,0.251
2417,ГЛУБОКОМЫСЛЕННЫЙ,0.25
2419,НЕПРОДОЛЖИТЕЛЬНЫЙ,0.25
2420,БЫТОВОЙ,0.25
2423,БЕСПРОИГРЫШНЫЙ,0.25
2424,МУТОРНЫЙ,0.25
2425,МИФОЛОГИЧЕСКИЙ,0.25
2429,НАТУЖНЫЙ,0.25
2432,ПСИХОДЕЛИЧНЫЙ,0.249
2433,ГЛУПОВАТЫЙ,0.249
2439,НЕУЛОВИМЫЙ,0.249
2443,ПЕРСПЕКТИВНЫЙ,0.249
2444,МЕГАПИКСЕЛЬНЫЙ,0.249
2446,КОМИЧНЫЙ,0.249
2449,ОБРАТНЫЙ,0.248
2453,ТЕЛЕСНЫЙ,0.248
2455,ВОДОНЕПРОНИЦАЕМЫЙ,0.247
2456,СЕРИАЛЬНЫЙ,0.247
2457,ДОЛГОВЕЧНЫЙ,0.247
2461,САМСУНГОВСКИЙ,0.247
2466,РУССКИЙ,0.247
2467,БЕСЧУВСТВЕННЫЙ,0.247
2468,ДИВНЫЙ,0.24600000000000002
2474,СОПОСТАВИМЫЙ,0.24600000000000002
2476,АВТОНОМНЫЙ,0.24600000000000002
2480,ГОРЯЧИЙ,0.245
2481,ТЩАТЕЛЬНЫЙ,0.245
2489,НЕПРЕМЕННЫЙ,0.245
2490,ЦЕЛОМУДРЕННЫЙ,0.245
2493,ПРОГРАМНЫЙ,0.245
2495,НИЧТОЖНЫЙ,0.245
2496,БЕЗЫДЕЙНЫЙ,0.245
2503,БЫЛОЙ,0.244
2504,ЛЕСБИЙСКИЙ,0.244
2511,ЗАГАДОЧНЫЙ,0.244
2513,МНОГОПЛАНОВЫЙ,0.244
2516,ТРАДИЦИОННЫЙ,0.244
2518,ОТВЕТСТВЕННЫЙ,0.244
2523,БУДУЩИЙ,0.243
2527,ВОЗВЫШЕННЫЙ,0.243
2528,БЕСПРЕСТАННЫЙ,0.243
2529,ТЕМНОВАТЫЙ,0.243
2530,ВЫНОСЛИВЫЙ,0.243
2535,ДАЛЬНЕЙШИЙ,0.243
2536,НЕИСПРАВИМЫЙ,0.243
2537,АВТОБИОГРАФИЧЕСКИЙ,0.243
2539,СИМВОЛИЧЕСКИЙ,0.243
2541,ЯРЫЙ,0.243
2550,МЕХАНИЧЕСКИЙ,0.242
2553,ПАССИВНЫЙ,0.242
2559,СКВЕРНЫЙ,0.242
2570,МОЛОДЕНЬКИЙ,0.24100000000000002
2573,ИЗВЕЧНЫЙ,0.24100000000000002
2577,НЕЗАЩИЩЕННЫЙ,0.24100000000000002
2585,ГОЛОВНОЙ,0.24
2586,ЛЕГКОМЫСЛЕННЫЙ,0.24
2591,НЕРОДНОЙ,0.239
2594,ПОЛЬЗОВАТЕЛЬСКИЙ,0.239
2597,НЕСЧАСТЛИВЫЙ,0.239
2598,ЗАТЕЙЛИВЫЙ,0.239
2601,СЕРЪЕЗНЫЙ,0.239
2602,ПАРАЛЛЕЛЬНЫЙ,0.239
2603,НЕПОКОЛЕБИМЫЙ,0.239
2604,ПСЕВДОФИЛОСОФСКИЙ,0.23800000000000002
2605,НЕМОТИВИРОВАННЫЙ,0.23800000000000002
2608,ИНОПЛАНЕТНЫЙ,0.23800000000000002
2617,ИМИДЖЕВЫЙ,0.237
2618,ШТАТНЫЙ,0.237
2621,ЛИЦЕНЗИОННЫЙ,0.237
2629,ВПЕЧАТЛЕННЫЙ,0.237
2630,ДЕВЧАЧИЙ,0.237
2631,РУССКОЯЗЫЧНЫЙ,0.237
2632,МАГИЧЕСКИЙ,0.237
2635,КОЛОССАЛЬНЫЙ,0.23600000000000002
2639,СВЕТЯЩИЙСЯ,0.23600000000000002
2640,ДОХОДЧИВЫЙ,0.23600000000000002
2643,ПОДВЕРЖЕННЫЙ,0.23600000000000002
2648,ПАСМУРНЫЙ,0.23600000000000002
2652,ТОПОВЫЙ,0.23600000000000002
2657,ЖИЗНЕРАДОСТНЫЙ,0.235
2662,ИСЧЕРПЫВАЮЩИЙ,0.235
2668,ДЕТАЛЬНЫЙ,0.235
2677,ГОРИЗОНТАЛЬНЫЙ,0.23399999999999999
2680,УДАРОПРОЧНЫЙ,0.23399999999999999
2681,ОБЪЯСНИМЫЙ,0.23399999999999999
2684,ОБОСНОВАННЫЙ,0.23399999999999999
2685,ЗНАМЕНИТЫЙ,0.23399999999999999
2687,КАРДИНАЛЬНЫЙ,0.23399999999999999
2689,ДРАМАТИЧЕСКИЙ,0.23399999999999999
2691,ПЕРИОДИЧЕСКИЙ,0.23399999999999999
2695,БЕЗМОЗГЛЫЙ,0.23399999999999999
2697,КЛЮЧЕВОЙ,0.233
2699,БЕЗНРАВСТВЕННЫЙ,0.233
2700,КРИЧАЩИЙ,0.233
2705,ЗАБОТЛИВЫЙ,0.233
2706,НЕОТЪЕМЛЕМЫЙ,0.233
2708,БЕЗРАДОСТНЫЙ,0.233
2709,ИМЕНИТЫЙ,0.233
2710,ИЗОБРЕТАТЕЛЬНЫЙ,0.233
2717,ФИЛИГРАННЫЙ,0.23199999999999998
2722,БОЙКИЙ,0.23199999999999998
2723,МАЛОВАТЫЙ,0.23199999999999998
2734,БЕССТРАСТНЫЙ,0.231
2736,ЗУБОДРОБИТЕЛЬНЫЙ,0.231
2738,ДУШЕРАЗДИРАЮЩИЙ,0.231
2741,НАГЛЯДНЫЙ,0.231
2742,МАСШТАБНЫЙ,0.231
2744,НЕСТАРЕЮЩИЙ,0.231
2745,РВОТНЫЙ,0.231
2748,СМУТНЫЙ,0.231
2751,НЕВОЛЬНЫЙ,0.231
2753,ПСИХОЛОГИЧНЫЙ,0.23
2756,ПСЕВДОИСТОРИЧЕСКИЙ,0.23
2759,АМЕРИКАНСКИЙ,0.23
2760,БУКВАЛЬНЫЙ,0.23
2765,ОТКИДНОЙ,0.23
2766,НЕВРЕДИМЫЙ,0.23
2767,ПРОВИНЦИАЛЬНЫЙ,0.23
2773,СТИЛУСЫЙ,0.23
2776,НЕИЗБЫВНЫЙ,0.23
2778,НЕИЗВЕДАННЫЙ,0.22899999999999998
2783,СЮРРЕАЛИСТИЧЕСКИЙ,0.22899999999999998
2788,ОТЛИЧИТЕЛЬНЫЙ,0.22899999999999998
2794,МАТЕРНЫЙ,0.22899999999999998
2795,ПРИВЕРЕДЛИВЫЙ,0.22899999999999998
2796,УСТРОЕННЫЙ,0.22899999999999998
2797,НЕОЧЕВИДНЫЙ,0.22899999999999998
2798,ИСХОДНЫЙ,0.228
2799,НИЗКОКАЧЕСТВЕННЫЙ,0.228
2805,МНОГОСЕРИЙНЫЙ,0.228
2806,КРИСТАЛЬНЫЙ,0.228
2807,СЛЕДУЮЩИЙ,0.228
2809,ПОВТОРНЫЙ,0.228
2812,БРОСКИЙ,0.228
2813,БЕЗЖИЗНЕННЫЙ,0.228
2816,ЛЮБОВНЫЙ,0.228
2817,ПОТУСТОРОННИЙ,0.228
2819,БЕССЮЖЕТНЫЙ,0.22699999999999998
2822,ШАМПАНСКИЙ,0.22699999999999998
2824,ДВОЙНОЙ,0.22699999999999998
2826,ДРАГОЦЕННЫЙ,0.22699999999999998
2827,БЕССТРАШНЫЙ,0.22699999999999998
2832,ПЕРЕЛОМНЫЙ,0.226
2833,СОТОВЫЙ,0.226
2840,МАЛОВЕРОЯТНЫЙ,0.226
2841,НЕОБОСНОВАННЫЙ,0.226
2848,ЗАВОДСКИЙ,0.226
2849,СОЗВУЧНЫЙ,0.225
2850,НИЩИЙ,0.225
2852,САМОУВЕРЕННЫЙ,0.225
2853,ВУЛЬГАРНЫЙ,0.225
2855,ПЕРЕПОЛНЕННЫЙ,0.225
2858,БЕСКРАЙНИЙ,0.225
2875,ЗАРЯДНЫЙ,0.22399999999999998
2877,ОПТИЧЕСКИЙ,0.22399999999999998
2878,ЛЕСТНЫЙ,0.22399999999999998
2882,МЕТАФОРИЧНЫЙ,0.22399999999999998
2885,РУЛЬНЫЙ,0.22399999999999998
2886,ВЫШЕУПОМЯНУТЫЙ,0.22399999999999998
2889,БЕЗРАССУДНЫЙ,0.22399999999999998
2898,БЕСЧЕЛОВЕЧНЫЙ,0.223
2905,ЦИНИЧНЫЙ,0.223
2906,ЗРЕЛЫЙ,0.223
2912,НАТУРАЛИСТИЧНЫЙ,0.222
2915,ВЯЛОТЕКУЩИЙ,0.222
2918,ЧУСТВИТЕЛЬНЫЙ,0.222
2920,ОРДИНАРНЫЙ,0.222
2925,СЕНСОРНЫЙ,0.222
2930,СОВКОВЫЙ,0.221
2932,БЕЛЫЙ,0.221
2934,НУЛЕВОЙ,0.221
2938,СВОЕВРЕМЕННЫЙ,0.221
2939,ВСЕЛЕНСКИЙ,0.221
2944,ЛИЦЕМЕРНЫЙ,0.221
2945,АБСТРАКТНЫЙ,0.221
2947,МИЗЕРНЫЙ,0.22
2948,СОБИРАТЕЛЬНЫЙ,0.22
2950,ЖИВОТРЕПЕЩУЩИЙ,0.22
2955,ПОЖИЛОЙ,0.22
2957,КНОПОЧНЫЙ,0.22
2963,МЕТКИЙ,0.22
2966,ВИТИЕВАТЫЙ,0.22
2968,БЕССИЛЬНЫЙ,0.22
2970,ВЫШЕПЕРЕЧИСЛЕННЫЙ,0.21899999999999997
2972,НЕОБЯЗАТЕЛЬНЫЙ,0.21899999999999997
2979,ЕДИНСТВЕННЫЙ,0.21899999999999997
2980,ПЕЧАТНЫЙ,0.21899999999999997
2981,ПОДВОДНЫЙ,0.21899999999999997
2982,ПОХАБНЫЙ,0.21899999999999997
2985,ЭКЗИСТЕНЦИАЛЬНЫЙ,0.21899999999999997
2987,ЗАКЛЮЧИТЕЛЬНЫЙ,0.21899999999999997
2988,ПОСТПЕРЕСТРОЕЧНЫЙ,0.21899999999999997
2992,МОРАЛЬНЫЙ,0.218
2993,ДЕЛИКАТНЫЙ,0.218
2996,ВЫДВИЖНОЙ,0.218
2997,АВТОМОБИЛЬНЫЙ,0.218
3000,ПЛАСТИКОВЫЙ,0.218
3001,ОЗОРНОЙ,0.218
3003,ПОРОЧНЫЙ,0.218
3005,ШИРОКОФОРМАТНЫЙ,0.218
3008,ПОДРУЧНЫЙ,0.218
3009,НЕСУЩЕСТВУЮЩИЙ,0.218
3013,ПАРОДИЙНЫЙ,0.217
3014,ЕДКИЙ,0.217
3015,ДОТОШНЫЙ,0.217
3018,СТАРАТЕЛЬНЫЙ,0.217
3024,ПЛЮШЕВЫЙ,0.217
3033,АНГЛИЙСКИЙ,0.21600000000000003
3038,НАПРАСНЫЙ,0.21600000000000003
3039,ОТЧАЯННЫЙ,0.21600000000000003
3044,ПЕЙЗАЖНЫЙ,0.21600000000000003
3047,СОЗЕРЦАТЕЛЬНЫЙ,0.21600000000000003
3054,НАУЧНЫЙ,0.21600000000000003
3061,НЕГРОМКИЙ,0.215
3063,ДЕРЕВЕНСКИЙ,0.215
3065,ЗЕМНОЙ,0.215
3067,ФОРМАЛЬНЫЙ,0.215
3069,РАЗОВЫЙ,0.215
3077,СОВКИЙ,0.214
3078,НЕПОНЯТЫЙ,0.214
3080,ТЯГУЧИЙ,0.214
3082,НЕДОБРЫЙ,0.214
3084,ОСЛЕПИТЕЛЬНЫЙ,0.214
3093,ПСЕВДОНАУЧНЫЙ,0.214
3094,ЭКРАННЫЙ,0.214
3096,КАКОЙ-НИКАКОЙ,0.214
3098,КОЖАНЫЙ,0.213
3101,ПРИЧУДЛИВЫЙ,0.213
3103,СЕРВИСНЫЙ,0.213
3105,ПЕРВОНАЧАЛЬНЫЙ,0.213
3106,НЕДОПУСТИМЫЙ,0.213
3110,КРОВОЖАДНЫЙ,0.213
3111,ПЕРВОБЫТНЫЙ,0.213
3115,ДЕЙСТВУЮЩИЙ,0.213
3117,НЕСОСТОЯВШИЙСЯ,0.213
3118,ЧУЖОЙ,0.213
3128,АГРЕССИВНЫЙ,0.212
3133,СЦЕНАРНЫЙ,0.212
3137,ЖИТЕЙСКИЙ,0.212
3140,СОДЕРЖАТЕЛЬНЫЙ,0.212
3145,ПРОШЛЫЙ,0.212
3156,ДИЗАЙНЕРСКИЙ,0.21100000000000002
3157,ИНТЕЛЕКТУАЛЬНЫЙ,0.21100000000000002
3162,ЗАМКНУТЫЙ,0.21100000000000002
3163,ПОХОДНЫЙ,0.21100000000000002
3164,ПОРЯДОЧНЫЙ,0.21100000000000002
3165,РАЗНОСТОРОННИЙ,0.21100000000000002
3167,ЛОКАЛЬНЫЙ,0.21100000000000002
3168,ЕЖЕДНЕВНЫЙ,0.21
3169,ЛИХОЙ,0.21
3171,ПО-КРАЙНИЙ,0.21
3174,ЧАСОВОЙ,0.21
3177,ОБЩЕЧЕЛОВЕЧЕСКИЙ,0.21
3178,НЕОДНОКРАТНЫЙ,0.21
3179,НЕРАВНОМЕРНЫЙ,0.21
3180,НЕОТВРАТИМЫЙ,0.21
3182,ПОДОБНЫЙ,0.21
3185,ФЕНТЕЗИЙНЫЙ,0.21
3194,АВАНТЮРНЫЙ,0.209
3197,МОНУМЕНТАЛЬНЫЙ,0.209
3214,ЭКСЦЕНТРИЧНЫЙ,0.209
3216,ЭГОИСТИЧНЫЙ,0.209
3220,СОСЕДСКИЙ,0.20800000000000002
3222,ВНЕШНИЙ,0.20800000000000002
3223,ФЕНОМЕНАЛЬНЫЙ,0.20800000000000002
3229,СПРАВЕДЛИВЫЙ,0.20800000000000002
3234,ИРРАЦИОНАЛЬНЫЙ,0.207
3236,ВЕРОЯТНЫЙ,0.207
3237,КОНЕЧНЫЙ,0.207
3239,ПОКАЗАТЕЛЬНЫЙ,0.207
3243,ПРОХОЖИЙ,0.207
3246,БЕСПРИНЦИПНЫЙ,0.207
3247,МОКРЫЙ,0.207
3248,СОВМЕСТИМЫЙ,0.207
3250,РВАНЫЙ,0.207
3252,ПРОХЛАДНЫЙ,0.207
3254,ПУТЕВОЙ,0.207
3256,ПОЭТИЧНЫЙ,0.207
3257,ЖАРКИЙ,0.20600000000000002
3262,ДОСТОВЕРНЫЙ,0.20600000000000002
3264,СЕТЕВОЙ,0.20600000000000002
3270,НАРОЧИТЫЙ,0.20600000000000002
3272,ГЛАВНЫЙ,0.20600000000000002
3275,ЖЕЛЕЗНЫЙ,0.20600000000000002
3280,РОДСТВЕННЫЙ,0.20600000000000002
3281,ТРЕПЕТНЫЙ,0.20600000000000002
3283,СОЦИАЛЬНЫЙ,0.20600000000000002
3286,НЕПРОИЗВОЛЬНЫЙ,0.205
3287,ГЛАДКИЙ,0.205
3288,СЛЫШИМЫЙ,0.205
3293,ПОСТМОДЕРНИСТСКИЙ,0.205
3299,ОСОЗНАННЫЙ,0.205
3300,КРОВНЫЙ,0.205
3306,АДСКИЙ,0.205
3310,СЕМЕЙНЫЙ,0.204
3325,АЛЯПОВАТЫЙ,0.204
3327,ЛИТЕРАТУРНЫЙ,0.204
3331,МОРАЛИЗАТОРСКИЙ,0.204
3334,ПРОСТРАННЫЙ,0.203
3340,НЕДОСТОВЕРНЫЙ,0.203
3342,КОМПАКТНЫЙ,0.203
3343,НЕСЪЕМНЫЙ,0.203
3350,МАТЕРИНСКИЙ,0.203
3356,СТАРИННЫЙ,0.203
3360,ДИНАМИЧЕСКИЙ,0.203
3361,СЛОВЕСНЫЙ,0.203
3364,БАТАЛЬНЫЙ,0.20199999999999999
3368,ПРЕДВАРИТЕЛЬНЫЙ,0.20199999999999999
3372,БЕЗДОННЫЙ,0.20199999999999999
3375,МЕЛОДРАМАТИЧЕСКИЙ,0.20199999999999999
3381,ПЛАСТИЛИНОВЫЙ,0.20199999999999999
3385,ПЕРВОКЛАССНЫЙ,0.20199999999999999
3389,НЕУСТРОЕННЫЙ,0.201
3391,ПРЕСТИЖНЫЙ,0.201
3393,ИРОНИЧЕСКИЙ,0.201
3395,НИЗМЕННЫЙ,0.201
3398,ВЫСОКОПАРНЫЙ,0.201
3399,ДОСКОНАЛЬНЫЙ,0.201
3422,НАЗОЙЛИВЫЙ,0.19899999999999998
3423,РАНИМЫЙ,0.19899999999999998
3425,САТИРИЧЕСКИЙ,0.19899999999999998
3428,ФОКУСНЫЙ,0.19899999999999998
3446,МАЛОЗАМЕТНЫЙ,0.198
3452,НЕПРИКАЯННЫЙ,0.198
3456,ПОХОТЛИВЫЙ,0.198
3464,ВОСКЛИЦАТЕЛЬНЫЙ,0.19699999999999998
3468,РОДИМЫЙ,0.19699999999999998
3469,ИСТЕРИЧНЫЙ,0.19699999999999998
3471,СЕКУНДНЫЙ,0.19699999999999998
3477,НЕГАРАНТИЙНЫЙ,0.19699999999999998
3478,ПОЗДНИЙ,0.19699999999999998
3479,АВТОБИОГРАФИЧНЫЙ,0.19699999999999998
3483,СНИСХОДИТЕЛЬНЫЙ,0.19699999999999998
3485,ГИБКИЙ,0.196
3489,МАНИАКАЛЬНЫЙ,0.196
3491,ФИЗИОЛОГИЧЕСКИЙ,0.196
3494,ФАКТИЧЕСКИЙ,0.196
3495,НАРКОМАНСКИЙ,0.196
3496,ПОСЛЕДОВАТЕЛЬНЫЙ,0.196
3501,РЕВОЛЮЦИОННЫЙ,0.196
3502,ИНФОРМАЦИОННЫЙ,0.196
3503,БИБЛЕЙСКИЙ,0.196
3512,БРЕЗГЛИВЫЙ,0.195
3519,НЕИСТОВЫЙ,0.195
3523,НРАВСТВЕННЫЙ,0.195
3524,НЕНАПРЯЖНЫЙ,0.195
3530,ФАТАЛЬНЫЙ,0.195
3531,ЗВУЧАЩИЙ,0.195
3535,ПРЕДУСТАНОВЛЕННЫЙ,0.19399999999999998
3537,СТОПРОЦЕНТНЫЙ,0.19399999999999998
3539,ВПЕЧАТЛЯЮЩИЙ,0.19399999999999998
3541,ПСИХОДЕЛИЧЕСКИЙ,0.19399999999999998
3543,НЕНАСЫТНЫЙ,0.19399999999999998
3545,НЕБЕЗЫНТЕРЕСНЫЙ,0.19399999999999998
3546,ПСИХОЛОГИЧЕСКИЙ,0.19399999999999998
3547,НЕПОМЕРНЫЙ,0.19399999999999998
3549,ВЫМЫШЛЕННЫЙ,0.19399999999999998
3552,НЕИНТУИТИВНЫЙ,0.19399999999999998
3553,ГОНКИЙ,0.19399999999999998
3556,ГЕРОИЧЕСКИЙ,0.19399999999999998
3560,БЕСПЕЧНЫЙ,0.19399999999999998
3561,ФАЙЛОВЫЙ,0.193
3564,УЛИЧНЫЙ,0.193
3567,НЕСЖАТЫЙ,0.193
3569,ОТСТАЛЫЙ,0.193
3570,ПРОСТОДУШНЫЙ,0.193
3573,СТИЛИСТИЧЕСКИЙ,0.193
3576,ПИРАТСКИЙ,0.193
3578,УЛЫБЧИВЫЙ,0.193
3580,ГОМОСЕКСУАЛЬНЫЙ,0.193
3582,ОТНОСИТЕЛЬНЫЙ,0.193
3583,ЛИЧНОСТНЫЙ,0.193
3585,СНОТВОРНЫЙ,0.193
3591,ВДОХНОВЕННЫЙ,0.192
3593,ВТОРОСОРТНЫЙ,0.192
3604,БОЛЬШИЙ,0.192
3610,ЧАЙНЫЙ,0.192
3611,НЕХАРАКТЕРНЫЙ,0.192
3619,СЖАТЫЙ,0.191
3620,ТИХИЙ,0.191
3623,ЭКОНОМНЫЙ,0.191
3628,ХЛЮПКИЙ,0.191
3630,ПАТРИОТИЧНЫЙ,0.191
3632,ВРЕДНЫЙ,0.191
3637,ВИКТОРИАНСКИЙ,0.19
3642,ВЕЛИЧЕСТВЕННЫЙ,0.19
3643,МАКСИМАЛЬНЫЙ,0.19
3644,МЯСНОЙ,0.19
3647,ГРОМАДНЫЙ,0.19
3648,ПЛАТНЫЙ,0.19
3650,РАССУДИТЕЛЬНЫЙ,0.19
3660,ФАНТАСТИЧНЫЙ,0.19
3661,ГОМЕРИЧЕСКИЙ,0.19
3676,ВЕРТИКАЛЬНЫЙ,0.18899999999999997
3680,ОБЩЕПРИНЯТЫЙ,0.18899999999999997
3682,ХРЕСТОМАТИЙНЫЙ,0.18899999999999997
3687,НЕМЫТЫЙ,0.18899999999999997
3689,ПРОТИВОЕСТЕСТВЕННЫЙ,0.18899999999999997
3691,АЛЮМИНИЕВЫЙ,0.18899999999999997
3696,БЕЗГЛЮЧНЫЙ,0.188
3697,РАЗНОПЛАНОВЫЙ,0.188
3699,ОПЕРАЦИОННЫЙ,0.188
3700,БЕЗЗАВЕТНЫЙ,0.188
3708,ЭНЕРГИЧНЫЙ,0.188
3712,ИЗБЫТОЧНЫЙ,0.187
3719,ПУШИСТЫЙ,0.187
3720,ОТЛИНЫЙ,0.187
3721,СОЗНАТЕЛЬНЫЙ,0.187
3724,ЕХИДНЫЙ,0.187
3725,КРАСНОРЕЧИВЫЙ,0.187
3730,ЗДЕШНИЙ,0.187
3732,НЕМНОГОЧИСЛЕННЫЙ,0.187
3734,НЕБЕЗЫЗВЕСТНЫЙ,0.187
3736,СТРАШНЕНЬКИЙ,0.18600000000000003
3737,ПЕРСОНАЛЬНЫЙ,0.18600000000000003
3744,МАЛОШУМНЫЙ,0.18600000000000003
3747,НЕПРИСТОЙНЫЙ,0.18600000000000003
3748,СОВЕТСКИЙ,0.18600000000000003
3753,НЕБЫВАЛЫЙ,0.18600000000000003
3758,ПРЕЖНИЙ,0.18600000000000003
3760,РАЗБИТЫЙ,0.185
3765,ГРЕШНЫЙ,0.185
3768,НЕУДОВЛЕТВОРИТЕЛЬНЫЙ,0.185
3773,МНОГОЗАДАЧНЫЙ,0.185
3779,НАВИГАЦИОННЫЙ,0.185
3781,ЗДОРОВЕННЫЙ,0.185
3783,БИОГРАФИЧЕСКИЙ,0.185
3791,КРЫЛАТЫЙ,0.184
3793,НЕВИНОВНЫЙ,0.184
3794,БИОЛОГИЧЕСКИЙ,0.184
3798,ГРАНДИОЗНЫЙ,0.184
3802,МИРНЫЙ,0.184
3808,РЕЧЕВОЙ,0.184
3809,ДИБИЛЬНЫЙ,0.183
3811,ЕВРОПЕЙСКИЙ,0.183
3813,ВРЕМЕННОЙ,0.183
3815,ПОДОЗРИТЕЛЬНЫЙ,0.183
3822,КАРТИННЫЙ,0.183
3831,ПОСЛУШНЫЙ,0.182
3833,ЭКОНОМИЧНЫЙ,0.182
3835,АНТИЧНЫЙ,0.182
3836,НЕСОВЕРШЕННОЛЕТНИЙ,0.182
3842,НАЧИТАННЫЙ,0.182
3848,ЗЛОДЕЙСКИЙ,0.182
3857,КАТЕГОРИЧНЫЙ,0.182
3858,ДОРОГУЩИЙ,0.182
3859,ПРОГРАММНЫЙ,0.182
3863,ПРЕВОСХОДЯЩИЙ,0.18100000000000002
3866,НОВАТОРСКИЙ,0.18100000000000002
3867,ПУСТЫННЫЙ,0.18100000000000002
3868,МГНОВЕННЫЙ,0.18100000000000002
3869,ЭТАЛОННЫЙ,0.18100000000000002
3871,ОБЫВАТЕЛЬСКИЙ,0.18100000000000002
3874,ЗАКАЗНОЙ,0.18100000000000002
3883,ВОЛНУЮЩИЙ,0.18100000000000002
3886,ПЛОХОНЬКИЙ,0.18
3887,МАРГИНАЛЬНЫЙ,0.18
3889,ПРОНИЦАТЕЛЬНЫЙ,0.18
3891,НЕЗРИМЫЙ,0.18
3892,ПОБОЧНЫЙ,0.18
3894,БОГАТЕНЬКИЙ,0.18
3900,САРКАСТИЧЕСКИЙ,0.18
3902,РАЗЛИЧИМЫЙ,0.18
3904,КОМИЧЕСКИЙ,0.18
3905,ГУСТОЙ,0.18
3911,СКОРЫЙ,0.179
3912,ПРИСТРАСТНЫЙ,0.179
3916,СТАБИЛЬНЫЙ,0.179
3919,ОТЕЧЕСТВЕННЫЙ,0.179
3923,СМОТРИБЕЛЬНЫЙ,0.179
3925,КОНЦЕНТРИРОВАННЫЙ,0.179
3928,СМАЧНЫЙ,0.179
3934,ГЛУБИННЫЙ,0.179
3935,РЖАЧНЫЙ,0.179
3936,МОРСКОЙ,0.179
3938,УПРЯМЫЙ,0.17800000000000002
3939,ПОЧТЕННЫЙ,0.17800000000000002
3940,СМАЗЛИВЫЙ,0.17800000000000002
3944,БРАКОВАНЫЙ,0.17800000000000002
3946,ПЕРМАНЕНТНЫЙ,0.17800000000000002
3949,ГОЛОВОКРУЖИТЕЛЬНЫЙ,0.17800000000000002
3952,НЕРАБОЧИЙ,0.17800000000000002
3953,ВЫШЕСКАЗАННЫЙ,0.17800000000000002
3955,ТАКТИЛЬНЫЙ,0.17800000000000002
3961,ВОЛЬНЫЙ,0.17800000000000002
3967,БУРЖУАЗНЫЙ,0.17800000000000002
3969,ЗАДОРНЫЙ,0.17800000000000002
3970,УСТАНОВОЧНЫЙ,0.177
3973,МАЛОБЮДЖЕТНЫЙ,0.177
3976,ЗАНУДЛИВЫЙ,0.177
3978,ОБРАЗЦОВЫЙ,0.177
3979,КАРТОЧНЫЙ,0.177
3985,СКВОЗНОЙ,0.177
3988,СПОРЫЙ,0.177
3992,ГУМАНИСТИЧЕСКИЙ,0.17600000000000002
3996,ОБЩЕИЗВЕСТНЫЙ,0.17600000000000002
3997,СКАНДИНАВСКИЙ,0.17600000000000002
3998,ГАНГСТЕРСКИЙ,0.17600000000000002
3999,ИДЕОЛОГИЧЕСКИЙ,0.17600000000000002
4006,БЛАГОЙ,0.17600000000000002
4008,НЕРАВНЫЙ,0.17600000000000002
4011,РАЗИТЕЛЬНЫЙ,0.17600000000000002
4013,ВЫТЯНУТЫЙ,0.17600000000000002
4014,ЗАГРОБНЫЙ,0.17600000000000002
4018,РАВНОМЕРНЫЙ,0.17600000000000002
4019,НЕСВЯЗНЫЙ,0.17600000000000002
4020,МЕДИТАТИВНЫЙ,0.17600000000000002
4024,НАПЫЩЕННЫЙ,0.175
4025,СТРОЙНЫЙ,0.175
4028,ЦЕЛЕВОЙ,0.175
4036,РАЗБОРЧИВЫЙ,0.175
4038,НЕСМЕТНЫЙ,0.175
4047,ПОДЛЫЙ,0.174
4054,БЛЮТУСЫЙ,0.174
4055,НЕДЕТСКИЙ,0.174
4057,ПРЕВЕЛИКИЙ,0.174
4058,МАРКИЙ,0.174
4059,НЕСУРАЗНЫЙ,0.174
4060,ГОРНЫЙ,0.174
4061,СЫТЫЙ,0.174
4062,ЦЕНТРАЛЬНЫЙ,0.174
4063,ТЕАТРАЛЬНЫЙ,0.174
4068,ХАЛЯВНЫЙ,0.17300000000000001
4072,БУРНЫЙ,0.17300000000000001
4076,НЕСКОЛЬЗЯЩИЙ,0.17300000000000001
4079,ПИТЕРСКИЙ,0.17300000000000001
4084,ИГРАБЕЛЬНЫЙ,0.17300000000000001
4085,БЕСПРЕДЕЛЬНЫЙ,0.17300000000000001
4086,НЕПОСТОЯННЫЙ,0.17300000000000001
4089,НЕПРОЧНЫЙ,0.17300000000000001
4094,ЛОВКИЙ,0.172
4095,НЕИНФОРМАТИВНЫЙ,0.172
4096,РЕАЛИСТИЧЕСКИЙ,0.172
4100,ТРЕВОЖНЫЙ,0.172
4101,ЯЗЫЧЕСКИЙ,0.172
4103,БОЛЬШОЙ,0.172
4104,ОПЕРАТИВНЫЙ,0.172
4110,ПРОХОДИМЫЙ,0.172
4111,СТРЕМИТЕЛЬНЫЙ,0.172
4112,НЕОРИГИНАЛЬНЫЙ,0.172
4121,ВЕЧЕРНИЙ,0.171
4123,МОНОЛИТНЫЙ,0.171
4129,ШУСТРЕНЬКИЙ,0.171
4130,СОННЫЙ,0.171
4134,ДЕМОНИЧЕСКИЙ,0.171
4135,МУЖЕСТВЕННЫЙ,0.171
4142,ЭСТЕТИЧНЫЙ,0.171
4145,НЕТРЕБОВАТЕЛЬНЫЙ,0.17
4154,ДВУХСИМОЧНЫЙ,0.17
4156,ЛЫСЫЙ,0.17
4171,БЕЗЫМЯННЫЙ,0.17
4175,КОМПЛЕКТНЫЙ,0.16899999999999998
4176,РАЗГОВОРНЫЙ,0.16899999999999998
4178,ПОСТЕЛЬНЫЙ,0.16899999999999998
4189,МЫСЛЕННЫЙ,0.16899999999999998
4190,БЕЗМЕРНЫЙ,0.16899999999999998
4194,ПРОДАЖНЫЙ,0.16899999999999998
4203,ПЕССИМИСТИЧНЫЙ,0.168
4209,БЕСПОКОЙНЫЙ,0.168
4215,ОТЦОВСКИЙ,0.168
4217,ПРОИЗВОДСТВЕННЫЙ,0.168
4218,БЫВШИЙ,0.168
4221,КРАСИВЕНЬКИЙ,0.168
4224,ПОДЗЕМНЫЙ,0.168
4226,ДОБРОПОРЯДОЧНЫЙ,0.168
4230,НЕОТКЛЮЧАЕМЫЙ,0.168
4232,НЕЗАМУТНЕННЫЙ,0.168
4234,НАСТОЙЧИВЫЙ,0.168
4236,ОБОРОТНЫЙ,0.16699999999999998
4240,ГЛЮЧЕННЫЙ,0.16699999999999998
4246,ЗАВЛЕКАТЕЛЬНЫЙ,0.16699999999999998
4249,БЕСПОВОРОТНЫЙ,0.16699999999999998
4253,ВОНЮЧИЙ,0.16699999999999998
4255,ЖЕРТВЕННЫЙ,0.16699999999999998
4257,БЕЗЛИМИТНЫЙ,0.16699999999999998
4259,КРУГЛЫЙ,0.166
4262,ТОМНЫЙ,0.166
4265,ЗАВЕДОМЫЙ,0.166
4266,НЕШУТОЧНЫЙ,0.166
4268,КОРЕЙСКИЙ,0.166
4269,НЕВЫПОЛНИМЫЙ,0.166
4271,ОЛИЧНЫЙ,0.166
4286,РАЗДЕЛЬНЫЙ,0.166
4290,ЕДИНСТВЕНЫЙ,0.166
4295,БЛАЖЕННЫЙ,0.165
4300,МУЛЬТИМЕДИЙНЫЙ,0.165
4305,ПРИСКОРБНЫЙ,0.165
4308,ХАЛТУРНЫЙ,0.165
4310,АЗИАТСКИЙ,0.165
4321,ЭПИЗОДИЧЕСКИЙ,0.16399999999999998
4323,МАТЕРИАЛЬНЫЙ,0.16399999999999998
4324,НЕУЯЗВИМЫЙ,0.16399999999999998
4328,НЕЧЕСТНЫЙ,0.16399999999999998
4329,ЛОМКИЙ,0.16399999999999998
4330,ТРАГИЧЕСКИЙ,0.16399999999999998
4345,НЕМАРКИЙ,0.163
4349,ВОСПИТАННЫЙ,0.163
4350,СОВРЕМЕНЫЙ,0.163
4357,ЭКСТРАВАГАНТНЫЙ,0.163
4358,ДОЖДЛИВЫЙ,0.163
4359,ГИПЕРТРОФИРОВАННЫЙ,0.163
4362,ВСТУПИТЕЛЬНЫЙ,0.163
4367,НЕМНОГОСЛОВНЫЙ,0.163
4372,НЕПРИГОДНЫЙ,0.163
4379,КОНЦЕПТУАЛЬНЫЙ,0.162
4383,ТРОЙНОЙ,0.162
4384,ПОХВАЛЬНЫЙ,0.162
4388,НЕИСПРАВНЫЙ,0.162
4390,НАБОЖНЫЙ,0.162
4395,БЛАГОПРИЯТНЫЙ,0.162
4396,ТУРИСТИЧЕСКИЙ,0.162
4398,БЕССОДЕРЖАТЕЛЬНЫЙ,0.162
4399,ВЫИГРЫШНЫЙ,0.162
4404,ГОРОДСКОЙ,0.162
4409,СОРТИРНЫЙ,0.162
4411,ВЫСОКОЛОБЫЙ,0.161
4412,ЗВЕРИНЫЙ,0.161
4415,ХРАБРЫЙ,0.161
4416,НЕПОЗВОЛИТЕЛЬНЫЙ,0.161
4417,ДЕЙСТВИТЕЛЬНЫЙ,0.161
4424,ВСЕОБЩИЙ,0.161
4428,ВЫШЕОПИСАННЫЙ,0.161
4429,ИНСТИНКТИВНЫЙ,0.161
4433,ГНИЛОЙ,0.161
4435,МЕТРОВЫЙ,0.161
4440,ВОЗМУТИТЕЛЬНЫЙ,0.161
4444,НЕТРОНУТЫЙ,0.16
4447,ВЕДОМЫЙ,0.16
4452,КАМЕННЫЙ,0.16
4454,КОШАЧИЙ,0.16
4456,ИЗНАЧАЛЬНЫЙ,0.16
4459,РИТОРИЧЕСКИЙ,0.16
4460,НАИГРАННЫЙ,0.16
4463,ФРОНТАЛЬНЫЙ,0.16
4468,ЭКЗОТИЧЕСКИЙ,0.16
4469,РОБКИЙ,0.16
4470,НЕГОДНЫЙ,0.159
4473,НЕДЕШЕВЫЙ,0.159
4477,ХРОМАТИЧЕСКИЙ,0.159
4484,ГРЯДУЩИЙ,0.159
4486,ФАНАТИЧНЫЙ,0.159
4488,МЕДИЦИНСКИЙ,0.159
4492,МЕТАФИЗИЧЕСКИЙ,0.159
4498,УЖАСТНЫЙ,0.159
4509,ОПЕРАЦИОНКИЙ,0.158
4511,МАШИННЫЙ,0.158
4512,НЕУПРАВЛЯЕМЫЙ,0.158
4513,РАВНОЗНАЧНЫЙ,0.158
4517,ТРУСЛИВЫЙ,0.158
4518,ЛЮТЫЙ,0.158
4523,ДЕРЬМОВЫЙ,0.158
4524,ЗАМЕНИМЫЙ,0.158
4526,ДАЛЬНИЙ,0.158
4528,ДЕНЕЖНЫЙ,0.158
4531,ПРОНИКНУТЫЙ,0.158
4534,КОВАРНЫЙ,0.157
4535,РАДУЖНЫЙ,0.157
4539,НАЗИДАТЕЛЬНЫЙ,0.157
4540,УПРАВЛЯЕМЫЙ,0.157
4544,ОДНОТОННЫЙ,0.157
4546,АНТИВОЕННЫЙ,0.157
4548,ЗНАТНЫЙ,0.157
4553,ЭКВАЛАЙЗЕРЫЙ,0.157
4561,ПАРАДНЫЙ,0.157
4565,ЖЕЛАННЫЙ,0.157
4567,ТРЕТЬЕСОРТНЫЙ,0.157
4573,УМСТВЕННЫЙ,0.157
4577,НИЗКОБЮДЖЕТНЫЙ,0.156
4591,ДВИЖУЩИЙ,0.156
4594,ПЕРЕЖИВАТЕЛЬНЫЙ,0.156
4612,СЕРЕНЬКИЙ,0.155
4615,СТУДЕНЧЕСКИЙ,0.155
4621,ПОГОДНЫЙ,0.155
4623,БЕТОННЫЙ,0.155
4626,НИЖНИЙ,0.155
4627,ТЕЛЕФОННЫЙ,0.155
4629,ГОЛЛИВУДСКИЙ,0.155
4640,СВЕТОСИЛЬНЫЙ,0.154
4641,СОРОКАЛЕТНИЙ,0.154
4645,ТОННЫЙ,0.154
4650,НОЧНОЙ,0.154
4652,СТИРАЛЬНЫЙ,0.154
4653,ФРЕЙДИСТСКИЙ,0.154
4654,СТАРЧЕСКИЙ,0.154
4655,ПРОИЗВОЛЬНЫЙ,0.154
4656,ПЬЮЩИЙ,0.154
4663,ЛИБЕРАЛЬНЫЙ,0.154
4664,СВЕТОЧУВСТВИТЕЛЬНЫЙ,0.154
4666,КИТОВСКИЙ,0.154
4684,ИСТЕРИЧЕСКИЙ,0.153
4688,ТЕСНЫЙ,0.153
4700,ЗАВУАЛИРОВАННЫЙ,0.153
4704,БЕЗРОПОТНЫЙ,0.153
4709,ХРОНОЛОГИЧЕСКИЙ,0.152
4710,НЕПРЕКРАЩАЮЩИЙСЯ,0.152
4714,БЛЮТУЗЫЙ,0.152
4715,ПЕРЕМЕННЫЙ,0.152
4716,ИДЕЙНЫЙ,0.152
4727,ЭФЕМЕРНЫЙ,0.152
4733,МНОГОПОЛЬЗОВАТЕЛЬСКИЙ,0.152
4735,СИМПАТИШНЫЙ,0.152
4746,ПЛОТСКИЙ,0.151
4749,ГОТИЧЕСКИЙ,0.151
4752,ПРОСТЕЦКИЙ,0.151
4755,ЯРОСТНЫЙ,0.151
4760,ШОКОЛАДНЫЙ,0.151
4763,ПРИСТАЛЬНЫЙ,0.151
4773,ДОБРОДУШНЫЙ,0.151
4779,ОТВАЖНЫЙ,0.15
4780,ЗАКОМПЛЕКСОВАННЫЙ,0.15
4783,БОДРЕНЬКИЙ,0.15
4786,РУТИННЫЙ,0.15
4787,КУЛЬТУРНЫЙ,0.15
4805,ВЗБАЛМОШНЫЙ,0.15
4812,МОТИВИРОВАННЫЙ,0.149
4816,БУЙНЫЙ,0.149
4817,УГРЮМЫЙ,0.149
4818,НЕНАТУРАЛЬНЫЙ,0.149
4838,ЯПОНСКИЙ,0.149
4840,ЛЖИВЫЙ,0.149
4841,БЕЗМЯТЕЖНЫЙ,0.149
4842,МЕДЛЕНЫЙ,0.149
4843,ИСПРАВНЫЙ,0.149
4845,СЮРРЕАЛИСТИЧНЫЙ,0.149
4850,СТЕРЕОТИПНЫЙ,0.14800000000000002
4851,ПРИЕВШИЙСЯ,0.14800000000000002
4852,МЕЧТАТЕЛЬНЫЙ,0.14800000000000002
4855,КСЕНОНОВЫЙ,0.14800000000000002
4857,ПИОНЕРСКИЙ,0.14800000000000002
4861,НЕДЕЛЬНЫЙ,0.14800000000000002
4864,РАЙСКИЙ,0.14800000000000002
4865,БИТНЫЙ,0.14800000000000002
4868,ЭКСПРЕССИВНЫЙ,0.14800000000000002
4870,МОХНАТЫЙ,0.14800000000000002
4871,МЕНТАЛЬНЫЙ,0.14800000000000002
4873,ЗАНЯТОЙ,0.14800000000000002
4876,МАФИОЗНЫЙ,0.14800000000000002
4888,ГРУППОВОЙ,0.14800000000000002
4889,КОМАНДНЫЙ,0.14800000000000002
4895,ЛАТИНОАМЕРИКАНСКИЙ,0.147
4900,ЗДРАВОМЫСЛЯЩИЙ,0.147
4902,ВСПОМОГАТЕЛЬНЫЙ,0.147
4905,КОРИДОРНЫЙ,0.147
4906,СКАНДАЛЬНЫЙ,0.147
4916,СКОРОСТРЕЛЬНЫЙ,0.146
4919,АЛЧНЫЙ,0.146
4921,НАДОЕДЛИВЫЙ,0.146
4924,ХАРОШИЙ,0.146
4926,БЕЗЗВУЧНЫЙ,0.146
4930,КОНСЕРВАТИВНЫЙ,0.146
4931,ПЕДАНТИЧНЫЙ,0.146
4936,НЕЧУВСТВИТЕЛЬНЫЙ,0.146
4937,СТИХОТВОРНЫЙ,0.146
4939,ФИНАНСОВЫЙ,0.146
4943,ЛИМОНОВЫЙ,0.146
4955,РОМАННЫЙ,0.146
4958,ЕДИНИЧНЫЙ,0.145
4970,ПАТОЛОГИЧЕСКИЙ,0.145
4972,НЕПОСЛЕДОВАТЕЛЬНЫЙ,0.145
4974,ЗЛОВЕЩИЙ,0.145
4982,ДЬЯВОЛЬСКИЙ,0.145
4984,РАЗНОЦВЕТНЫЙ,0.145
4991,УЩЕРБНЫЙ,0.145
4994,БЕССЕРДЕЧНЫЙ,0.145
4998,СКРИПУЧИЙ,0.14400000000000002
