ID,WORD,BASE_YEAR,OLD_CONTEXTS,NEW_CONTEXTS
28,скорый_ADJ,2002,"[['по', 'утверждение', 'главный', 'врач', 'московский', 'скорый', 'помощь', 'игорь::элькис', 'количество', 'вызов', 'скорый', 'стабильно', 'примерно', 'пять', 'половина', 'тысяча', 'звонок', 'сутки'], ['на', 'день', 'москвич', 'потрясать', 'еще', 'один', 'преступление', 'на', 'обычный', 'московский', 'улица', 'убивать', 'не', 'кто-нибудь', 'врач', 'скорый', 'помощь', 'прибывать', 'на', 'вызов', 'как', 'раз', 'тот', 'момент', 'когда', 'он', 'оказывать', 'помощь'], ['интерес', 'край', 'мочь', 'эффективно', 'защищать', 'лишь', 'тот', 'кто', 'считать', 'он', 'свой', 'родина', 'не', 'место', 'для', 'скорый', 'обогащение', 'красноярец', 'земляк', 'не', 'население'], ['поэтому', 'быть', 'основание', 'предполагать', 'что', 'российский', 'руководство', 'понимать', 'неизбежность', 'скорый', 'удар', 'сша', 'по', 'ирак', 'быть', 'не', 'сила', 'он', 'мешать', 'решать', 'прибегать', 'классический', 'прием', 'политический', 'игра', 'проводить', 'под', 'шумок', 'собственный', 'военный', 'операция', 'ради', 'обеспечение', 'интерес', 'безопасность', 'страна'], ['как', 'первый', 'шаг', 'подготовка', 'действие', 'условие', 'химический', 'или', 'биологический', 'заражение', 'можно', 'расценивать', 'передача', 'служба', 'тыл', 'израильский', 'армия', '500', 'специальный', 'защитный', 'костюм', 'для', 'работник', 'скорый', 'помощь']]","[['скорый', 'помощь', 'мы', 'не', 'ездить', 'нет', 'ни', 'дорога', 'ни', 'бензин'], ['еще', 'ненавидеть', 'скорый', 'помощь'], ['они', 'же', 'мы', 'исполнять', 'роль', 'карета', 'скорый', 'помощь', 'тот', 'время', 'когда', 'надо', 'совершенствовать', 'система', 'управление'], ['станция', 'скорый', 'неотложный', 'медицинский', 'помощь', 'имя', 'а.пучков', 'куда', 'приходить', 'весь', 'звонок', 'москвич', 'гость', 'столица', 'на', '03', 'оборудовать', 'по', 'последний', 'слово', 'техника'], ['проходить', 'смутный', 'время', 'первоначальный', 'накопление', 'капитал', 'россия', 'когда', 'многие', 'молодой', 'человек', 'бросать', 'институт', 'погоня', 'за', 'призрак', 'скорый', 'обогащение']]"
29,итоговый_ADJ,2008,"[['итоговый', 'протокол', 'входить', 'только', 'результат', 'первый', 'попытка', 'так', 'как', 'из-за', 'сильный', 'снегопад', 'три', 'лидировать', 'экипаж', 'не', 'мочь', 'выходить', 'на', 'второй', 'заезд'], ['из', '2-й', 'другой', 'полуфиналист', 'не', 'проходить', 'финальный', 'раунд', 'более', 'высокий', 'место', 'по', 'итог', 'регулярный', 'чемпионат', 'занимать', 'магнитогорский', 'металлург', '2-й', 'против', '7-й', 'ак::барс', 'что', 'позволять', 'он', 'занимать', 'итоговый', '3-й', 'место'], ['но', 'это', 'потом', 'уже', 'осознавать', 'что', 'цифра', 'итоговый', 'место', 'навсегда', 'оставаться'], ['2006', 'год', 'сидней', 'дубай', 'ролан::гаррос', 'истборн', 'нью-хэйвный', 'итоговый', 'чемпионат', 'вта'], ['ведь', 'итоговый', 'коммюнике', 'североатлантический', 'саммит', 'быть', 'внести', 'положение', 'то', 'что', 'рано', 'или', 'поздно', 'оба', 'страна', 'обязательно', 'становиться', 'полноправный', 'член', 'блок']]","[['этот', 'успех', 'становиться', 'первый', 'история', 'мужской', 'теннис', 'на', 'итоговый', 'турнир', 'год'], ['поэтому', 'хотеть', 'опровергать', 'весь', 'провокация', 'заявление', 'то', 'что', 'цена', 'на', 'российский', 'газ', 'для', 'украина', '2010', 'год', 'существенно', 'повышаться', 'пообещать', 'премьер-министр', 'украина::юлия::тимошенко', 'сегодня', 'ход', 'итоговый', 'пресс-конференция', 'киев'], ['напоминать', 'по', 'итог', 'первый', 'полугодие', '2008', 'год', 'объем', 'реклама', 'на', 'телевидение', 'вырастать', 'на', '26,3', 'поэтому', 'даже', 'снижение', 'на', '20', 'этот', 'год', 'давать', 'итоговый', 'рост', 'по', 'сравнение', 'тот', 'же', 'период', '2007', 'год', 'считать', 'господин', 'герцев'], ['напоминать', 'нынешний', 'год', 'единственный', 'форма', 'государственный', 'итоговый', 'аттестация', 'прием', 'вуз', 'становиться', 'егэ'], ['россия', 'готовый', 'возводить', 'два', 'энергоблокий', 'аэс', 'белена', 'болгария', 'за', '3,997', 'миллиард', 'евро', 'но', 'итоговый', 'цена', 'проект', 'учет', 'инфляция', 'мочь', 'достигать', '6,5', 'миллиард', 'евро', 'заявлять', 'глава', 'росатом::сергей::кириенко', 'интервью', 'болгарский', 'газета', 'стандарт']]"
30,2011-й_ADJ,2010,"[['не', 'менее', 'оптимистично', 'звучать', 'прогноз', 'goldman::sachs', 'отношение', 'рост', 'российский', 'экономика', '5,8', 'текущий', 'год', '6,1', '2011-й'], ['согласно', 'этот', 'план', 'чистый', 'прибыль', 'почта', 'начинать', 'получать', 'лишь', '2012', 'год', 'до', 'это', 'почтовик', 'не', 'исключать', 'убыток', '2010', 'год', 'примерно', 'на', '11,2', 'миллиард', 'рубль', '2011-й', 'на', 'миллиард', 'рубль', 'смотреть', 'рбк', 'daily', 'от', '11.05.10'], ['когда', 'вместо', 'планировать', '2008', 'год', 'сдача', 'здание', 'переносить', 'на', '2011-й', 'скептик', 'этот', 'срок', 'называть', 'нереальный'], ['мы', 'разрабатывать', 'программа', 'для', 'департамент', 'экономика', 'город', 'по', 'который', 'течение', 'ближайший', 'пять', 'год', '2011-й', 'по', '2015-й', 'мы', 'планировать', 'заменять', '125', 'километр', 'сеть', 'водопровод', '40', 'километр', 'сеть', 'канализация'], ['на', 'сегодняшний', 'день', 'вакцина', 'продавать', 'только', 'сша', 'но', 'лето', '2011-й', 'появляться', 'россия']]","[['андрей', 'агентский', 'договор', 'который', 'деннис::лахтер', 'истекать', 'февраль', '2011-й', 'по', 'весь', 'видимость', 'вести', 'переговоры', 'сам'], ['кроме', 'то', 'ецб', 'вернуться', 'еще', 'один', 'мера', 'время', 'кризис', 'снова', 'быть', 'выкупать', 'гособлигация', 'на', 'этот', 'раз', 'на', 'общий', 'сумма', '40', 'мрлд', 'евро', 'ноябрь', '2011-й', 'по', 'декабрь', '2012', 'год'], ['продление', 'программа', 'утилизация', 'машина', 'до', 'конец', '2011-й', 'сам', 'эффективность', 'продажа', '50-тысячный', 'скидка', 'продавец', 'оценивать', 'по-разному'], ['апрель', '2011-й', 'районный', 'суд', 'усть-лабинск', 'краснодарский', 'край', 'по', 'место', 'прописка', 'дерипаска', 'быть', 'подавать', 'иск', 'бывший', 'компаньон'], ['если', 'прошлый', 'год', 'собственный', 'выставочный', 'пространство', 'на', 'каннский', 'земля', 'мочь', 'хвастаться', 'лишь', 'царица', 'поле', 'компания', 'интеко', 'то', '2011-й', 'макет', 'приезжать', 'ренова-стройгруп', 'система-', 'галс', 'дон', '-стрый', 'объединять', 'под', 'флаг', 'основной', 'владелец', 'втб']]"
31,осетинский_ADJ,2008,"[['однако', 'среда', 'сопредседатель', 'смешанный', 'контрольный', 'комиссия', 'скк', 'от', 'южный', 'осетия::борис::чочиев', 'заявлять', 'риа::новость', 'что', 'власть', 'непризнанный', 'республика', 'отказываться', 'от', 'планировать', 'на', 'четверг', 'двусторонний', 'встреча', 'госминистр', 'реинтеграция', 'грузия::темур::якобашвили', 'предлагать', 'проводить', 'август', 'цхинвали', 'полноценный', 'заседание', 'скк', 'орган', 'урегулирование', 'грузинский', 'осетинский', 'конфликт'], ['наш', 'дипломатия', 'нужный', 'сейчас', 'колоссальный', 'работа', 'проводить', 'для', 'то', 'чтобы', 'доказывать', 'геноцид', 'осетинский', 'народ', 'на', 'основание', 'геноцид', 'почти', '50', 'государство', 'уже', 'признавать', 'независимость', 'косово'], ['12', 'август', 'россия', 'заявлять', 'завершение', 'операция', 'по', 'принуждение', 'грузия', 'мир', '22', 'август', 'объявлять', 'что', 'заканчивать', 'отвод', 'войска', 'на', 'позиция', 'определенный', 'решение', 'смешанный', 'контрольный', 'комиссия', 'по', 'урегулирование', 'грузинский', 'осетинский', 'конфликт', 'от', '1999', 'год'], ['по', 'слово', 'александр::собянин', 'американец', 'решать', 'до', 'конец', 'выжимать', 'ресурс', 'саакашвили', 'поэтому', 'событие', 'вокруг', 'грузинский', 'осетинский', 'грузинский', 'абхазский', 'конфликт', 'сегодня', 'развиваться', 'ускорять', 'режим'], ['1993', 'год', 'российский', 'ученый', 'предпринимать', 'научный', 'экспедиция', 'дорога', 'алать', 'отправной', 'точка', 'который', 'становиться', 'река', 'дон', 'некогда', 'называть', 'осетинский', 'слово', 'вода']]","[['грузинский', 'осетинский', 'конфликт', 'становиться', 'следствие', 'губительный', 'политика', 'грузинский', 'власть', 'заявлять', 'понедельник', 'патриарх', 'московский', 'весь', 'русь::кирилл'], ['отвечать', 'на', 'вопрос', 'готовый', 'ли', 'осетинский', 'сторона', 'принимать', 'участие', 'встреча', 'парламентарий', 'россия', 'грузия', 'под', 'эгида', 'пасе', 'страсбург', 'рамка', 'осенний', 'сессия', 'парламентский', 'ассамблея', 'совет::европа', 'намечать', 'на', 'конец', 'сентябрь', 'начало', 'октябрь', 'дипломат', 'замечать', 'что', 'пока', 'юго-осетинский', 'сторона', 'не', 'получать', 'такой', 'приглашение'], ['по', 'слово', 'председатель', 'московский', 'осетинский', 'община', 'валерий::каболов', 'этот', 'недвижимость', 'принадлежать', 'он', 'он', 'никто', 'она', 'не', 'продавать'], ['редакционный', 'задание', 'звучать', 'так', 'смотреть', 'что', 'происходить', 'грузия', 'пробовать', 'выяснять', 'почему', 'грузинский', 'народ', 'так', 'любить', 'свой', 'президент', 'саакашвили', 'потом', 'пытаться', 'пересекать', 'граница', 'грузия', 'южный', 'осетия', 'продолжать', 'работа', 'на', 'осетинский', 'территория'], ['например', 'уезжать', 'из', 'осетинский', 'деревня', 'грузин', 'за', 'несколько', 'день', 'до', 'война', 'спокойный', 'осетин', 'тут', 'же', 'не', 'верить', 'она']]"
32,топливный_ADJ,2007,"[['если', 'учитывать', 'что', 'топливный', 'затрата', 'составлять', 'почти', 'половина', 'весь', 'расход', 'авиакомпания', 'логичный', 'предполагать', 'что', 'часть', 'они', 'неизбежно', 'быть', 'перелагать', 'на', 'пассажир'], ['остальной', 'участник', 'лукойл', 'транснефть', 'ассоциация', 'нефтеспецтранстехнология', 'нефтегазмаш', 'международный', 'топливный', '-энергетический', 'ассоциация', 'рао', 'роснефтегазстра', 'госконсорциа', 'экопром'], ['по', 'он', 'мнение', 'поставлять', 'топливный', 'пеллет', 'из', 'лузг', 'прибалтика', 'не', 'очень', 'выгодный', 'они', 'можно', 'продавать', 'там', 'за', '80', '90', 'долловек', 'за', 'тонна', 'тогда', 'как', 'израиль', 'испания', 'или', 'на', 'ближний', 'восток', 'платить', 'по', '200', 'долловек', 'за', 'тонна'], ['планировать', 'создание', 'совместный', 'российско-', 'украинский', 'предприятие', 'по', 'добыча', 'уран', 'кировоградский', 'область', 'налаживать', 'производство', 'топливный', 'кассета', 'на', 'российский', 'предприятие'], ['как', 'сообщать', 'информагентство', 'из-за', 'стремительно', 'дорожать', 'нефть', 'круизный', 'компания', 'один', 'за', 'другой', 'начинать', 'объявлять', 'введение', 'февраль', '2008', 'год', 'новый', 'тариф', 'на', 'топливный', 'сбор']]","[['ооо', 'южный', 'топливный', 'компания', 'ютк', 'один', 'из', 'участник', 'сегодняшний', 'конкурс', 'считать', 'свой', 'ценовой', 'заявка', 'на', 'следующий', 'год', 'обоснованный'], ['акция', 'немного', 'задержаться', 'поскольку', 'власть', 'уже', 'начинать', 'разбирательство', 'по', 'повод', 'цена', 'на', 'топливный', 'продукт'], ['если', 'цена', 'нефть', 'подниматься', 'то', 'нефтяной', 'компания', 'поднимать', 'цена', 'на', 'нефтепродукт', 'несмотря', 'на', 'заявление', 'фас', 'соглашаться', 'исполнительный', 'директор', 'российский', 'топливный', 'союз', 'григорий::сергиенко'], ['взорваться', 'топливный', 'бак'], ['такой', 'топливный', 'политика', 'мы', 'лишиться', 'региональный', 'перевозка']]"
33,цветной_ADJ,2006,"[['кроме', 'то', 'предел', 'арктический', 'шельф', 'рф', 'сконцентрировать', 'крупный', 'запас', 'различный', 'вид', 'твердый', 'полезный', 'ископаемое', 'тот', 'число', 'цветной', 'редкий', 'драгоценный', 'металл'], ['участницам', 'исследование', 'демонстрироваться', 'серия', 'из', '55', 'цветной', 'слайд', 'являться', 'на', 'экран', 'интервал', 'несколько', 'секунда'], ['так', 'называться', 'новый', 'проект', 'московский', 'цирк', 'никулин', 'премьера', 'который', 'состояться', 'сегодня', 'вечер', 'на', 'цветной', 'бульвар'], ['поинтересоваться', 'являться', 'ли', 'цвет', 'натуральный', 'особенность', 'это', 'касаться', 'цветной', 'жемчуг', 'серый', 'голубой', 'черный', 'то'], ['какой-то', 'момент', 'всеобщий', 'веселье', 'голубой', 'небо', 'заполниться', 'цветной', 'купол', 'парашют']]","[['тот', 'время', 'оставаться', 'замечательный', 'фотография', 'розовый', 'платье', 'голубой', 'носочек', 'надо', 'же', 'быть', 'так', 'наряжать', 'какой-то', 'собачка', 'стоить', 'возле', 'метро', 'цветной', 'бульвар'], ['оказываться', 'это', 'подросток', 'цветной', 'малограмотный'], ['основной', 'он', 'компонент', 'навесной', 'панель', 'цветной', 'стекло', 'витраж', 'быть', 'делать', 'единый', 'конструкционный', 'гармония', 'расположенный', 'по', 'соседство', 'большой', 'ледовый', 'арена', 'на', '12', 'тысяча', 'место'], ['прихожая', 'висеть', 'огромный', 'цветной', 'шарж', 'спартаковцо', 'комната', 'рома', 'как', 'автономный', 'отсек', 'космический', 'корабль'], ['особенно', 'заметно', 'этот', 'рвение', 'последний', 'год', 'бомбежка', 'белград', 'череда', 'цветной', 'революция', 'бывший', 'соцреспублик', 'двойной', 'стандарт', 'территориальный', 'спор']]"
34,трансферный_ADJ,2008,"[['самарский', 'клуб', 'нацелиться', 'на', 'йордан::тодоров::межсезонье', 'футбол', 'пора', 'слух', 'разговор', 'трансферный', 'сенсация'], ['думать', 'новый', 'ограничение', 'заставлять', 'тренер', 'руководитель', 'изменять', 'качество', 'трансферный', 'политика', 'свой', 'клуб'], ['по', 'данные', 'the::times', 'еще', 'один', 'цель', 'челси', 'на', 'трансферный', 'рынок', 'мочь', 'становиться', 'капитан', 'локо', 'динияр::билялетдинов'], ['переберться', 'ли', 'футболист', 'сборная', 'россия', 'на', 'туманный', 'альбион', 'мы', 'узнавать', 'совсем', 'скоро', 'трансферный', 'окно', 'закрывать', 'конец', 'текущий', 'месяц'], ['лига', 'чемпион', 'старый', 'синьора', 'ударно', 'поработать', 'на', 'трансферный', 'рынок']]","[['это', 'если', 'не', 'возникать', 'задержка', 'связывать', 'получение', 'трансферный', 'карта', 'от', 'иихф'], ['прошлый', 'год', 'мы', 'кардинальный', 'образ', 'менять', 'принцип', 'свой', 'трансферный', 'работа', 'объяснять', 'алханов'], ['ибсон', 'мочь', 'начинать', 'свой', 'выступление', 'за', 'спартак', 'только', 'август', 'когда', 'россия', 'открываться', 'летний', 'трансферный', 'окно'], ['на', 'трансферный', 'рынок', 'армеец', 'поработать', 'не', 'слишком', 'активно', 'особенно', 'если', 'учитывать', 'что', 'переход', 'карвальо', 'это', 'не', 'приобретение', 'полный', 'смысл', 'слово', 'возвращение', 'игрок', 'из', 'аренда'], ['случай', 'положительный', 'исход', 'футболист', 'мочь', 'заявлять', 'за', 'ростов', 'вне', 'трансферный', 'окно']]"
35,экспертный_ADJ,2001,"[['по', 'экспертный', 'оценка', 'ущерб', 'от', 'жульничество', 'врач', 'составлять', 'прошлый', 'год', 'германия', 'миллиард', 'марка'], ['последний', 'время', 'появляться', 'немало', 'экспертный', 'исследование', 'который', 'анализировать', 'нынешний', 'состояние', 'российский', 'экономика'], ['точно', 'выжимкий', 'экспертный', 'заключение', 'по', '120-страничный', 'проектный', 'эскиз', 'представлять', 'международный', 'консорциум', '12', 'январь', '2001'], ['экспертный', 'совет', 'по', 'металлургия', 'понадобиться', 'еще', 'несколько', 'месяц', 'чтобы', 'убеждать', 'исполнительный', 'власть', 'необходимость', 'ограничительный', 'мера'], ['сегодня', 'это', 'самый', 'авторитетный', 'экспертный', 'организация']]","[['экспертный', 'гоночный', 'модель', 'ведущий', 'компания', 'например', 'nordica', 'lange', 'rossignol', 'этот', 'регулировка', 'иметь', 'два', 'положение', 'жесткий', 'мягкий', 'ряд', 'другой', 'модель', 'tecnica', 'kneissl', 'снабжать', 'пружина', 'регулятор', 'который', 'позволять', 'плавно', 'изменять', 'она', 'жесткость'], ['андрей::нещадин', 'исполнительный', 'директор', 'экспертный', 'институт'], ['находить', 'подземный', 'город', 'бомж', 'гражданин::германия', 'консультант', 'консультационный', 'экспертный', 'совет', 'комитет', 'государственный', 'дума', 'по', 'собственность', 'бомж', 'подкараулить', 'поздно', 'вечер', 'рядом', '103-й', 'дом', 'на', 'проспект', 'вернадский'], ['оператор', 'оставаться', 'довольный', 'свой', 'работа', 'получать', 'экспертный', 'заключение', 'то', 'что', 'сердце', 'мой', 'принадлежать', 'один', '-единственный'], ['по', 'слово', 'заместитель', 'председатель', 'комитет', 'по', 'культура', 'искусство', 'обладминистрация', 'любовь::саблукова', 'состав', 'экспертный', 'группа', 'специалист', 'зарабатывать', 'от', 'полтора', 'тысяча', 'рубль', 'месяц', 'иногда', 'большой']]"
36,киргизский_ADJ,2004,"[['пятница', 'начинаться', 'внеочередный', '18-й', 'сессия', 'собрание', 'народный', 'представитель', 'киргизский', 'парламент', 'на', 'который', 'президент', 'киргизия::аскар::акаев', 'предлагать', 'новый', 'структура', 'кабинет', 'министр'], ['плановый', 'штабной', 'учение', 'принимать', 'участие', 'офицер', 'российский', 'казахский', 'киргизский', 'таджикский', 'батальон', 'ксбругой'], ['цель', 'визит', 'обсуждение', 'вопрос', 'расширение', 'российско-', 'киргизский', 'сотрудничество', 'энергетический', 'сфера'], ['горный', 'ущелье', 'не', 'контролировать', 'ни', 'киргизский', 'ни', 'таджикский', 'власть', 'можно', 'легко', 'затеряться'], ['если', 'боевик', 'снова', 'пытаться', 'прорываться', 'узбекистан', 'по', 'какой', 'путь', 'они', 'пойти', 'как', 'они', 'встречать', 'местный', 'киргизский', 'население']]","[['поэтому', 'читать', 'слушать', 'что', 'видеться', 'мы', 'российский', 'берег', 'за', 'сегодняшний', 'киргизский', 'жизнь', 'что', 'не', 'видеться', 'вы', 'за', 'ваш', 'баррикада'], ['между', 'то', 'именно', 'дефицит', 'земля', 'вода', 'становиться', 'лейтмотив', 'тот', 'старый', 'столкновение', 'на', 'этнический', 'почва', 'правда', 'многое', 'благодаря', 'усилие', 'неформальный', 'организация', 'как', 'киргизский', 'так', 'узбекский', 'действовать', 'тот', 'время', 'ошский', 'область'], ['то', 'не', 'менее', 'российский', 'политтехнолог', 'который', 'сейчас', 'работать', 'бишкек', 'не', 'мочь', 'игнорировать', 'этот', 'опыт', 'вынуждать', 'более', 'осторожно', 'ответственно', 'относиться', 'свой', 'работа', 'да', 'сотрудничать', 'они', 'киргизский', 'силовик', 'отличаться', 'достаточно', 'высокий', 'аналитический', 'подготовка', 'профессионализм'], ['рф', 'поддерживать', 'курс', 'киргизский', 'руководство', 'на', 'проведение', 'республика', 'демократический', 'преобразование', 'укрепление', 'гражданский', 'общество'], ['кроме', 'то', 'по', 'данные', 'rbc', 'daily', 'делегация', 'китайский', 'военный', 'проводить', 'переговоры', 'свой', 'киргизский', 'коллега', 'бишкек']]"
37,полевой_ADJ,2007,"[['еще', 'два', 'год', 'назад', 'оперативный', 'путь', 'быть', 'получать', 'аудиозапись', 'разговор', 'между', 'уничтожать', 'этот', 'год', 'полевой', 'командир', 'ризван::читигов', 'находиться', 'на', 'восток', 'некий', 'хизир::алхазуров', 'который', 'являться', 'один', 'из', 'представитель', 'боевик', 'за', 'рубеж'], ['глава::оон', 'начало', 'февраль', 'заявлять', 'что', 'намерен', 'разделять', 'департамент', 'операция', 'по', 'поддержание', 'мир', 'на', 'два', 'департамент', 'миротворческий', 'операция', 'департамент', 'полевой', 'поддержка', 'также', 'создавать', 'управление', 'по', 'вопрос', 'разоружение', 'который', 'быть', 'подчиняться', 'непосредственно', 'генсек'], ['любопытный', 'что', 'зоркий', 'этот', 'время', 'на', 'поле', 'всего', 'восемь', 'полевой', 'игрок'], ['он', 'вечный', 'как', 'вечный', 'землепашец', 'чтобы', 'не', 'дурак', 'расслабляться', 'по', 'полный', 'после', 'трудоемка', 'весенне-', 'полевой', 'страда'], ['как', 'установить', 'следствие', 'костяк', 'группа', 'террорист', 'составлять', 'уроженец', 'селение', 'кудали', 'гунибский', 'район', 'который', 'учиться', 'минный', 'взрывный', 'дело', 'полевой', 'командир', 'хаттаб']]","[['учение', 'длиться', 'до', 'конец', 'июль', 'быть', 'проходить', 'два', 'этап', 'отработка', 'командный', 'штабной', 'навык', 'на', 'уровень', 'сухопутный', 'бригада', 'спасательный', 'работа', 'полевой', 'условие'], ['однако', 'реальный', 'угроза', 'терять', 'друг', 'друг', 'все-таки', 'объединять', 'женщина', 'возвращаться', 'мужчина', 'закидывать', 'на', 'плечо', 'ружье', 'из', 'который', 'хотеть', 'застрелиться', 'собирать', 'для', 'жена', 'полевой', 'цветы'], ['на', 'основа', 'этот', 'предприятие', 'агрохолдингать', 'рассчитывать', 'создавать', 'полный', 'цикл', 'производство', 'от', 'селекция', 'полевой', 'культура', 'до', 'получение', 'семя', 'товарный', 'репродукция', 'вывод', 'они', 'на', 'рынок'], ['по', 'правило', 'иихф', 'команда', 'быть', 'десять', 'минута', 'на', 'то', 'что', 'переодеть', 'полевой', 'игрок', 'вратарь'], ['полевой', 'форма', 'предполагать', 'служба', 'действие', 'войска', 'объяснять', 'генерал']]"
38,рязанский_ADJ,2011,"[['василий::иванович::алексеев', 'рождаться', 'январь', '1942', 'год', 'покрово-шишкино', 'рязанский', 'область'], ['по', 'он', 'слово', 'основной', 'поставщик', 'топливо', 'для', 'москва', 'московский', 'область', 'рязанский', 'ярославский', 'нпз', 'по', 'объективный', 'причина', 'сокращать', 'выпуск', 'на', 'терминал', 'московский', 'нпз', 'стоять', 'огромный', 'очередь'], ['инициировать', 'банкротство', 'рязанский', 'компания', 'стальной', 'алюминиевый', 'конструкция', 'evraz', 'сам', 'едва', 'не', 'терять', 'свой', 'крупный', 'металлотрейдер', 'евраз::металл::инпром'], ['например', 'мой', 'рязанский', 'область', 'март', 'на', 'региональный', 'выборы', 'мы', 'результат', 'быть', '4-й', 'место'], ['пятница', 'рязанский', 'область', 'суд', 'огласить', 'приговор', 'светлана::дардыкина']]","[['он', 'скорость', 'достигать', '20', 'м/с', 'московский', 'область', 'карелия', 'вологодский', 'тверской', 'ярославский', 'владимирский', 'тульский', 'рязанский', 'липецкий', 'орловский', 'пензенский', 'саратовский', 'область'], ['выборы', 'рязанский', 'область', 'посещать', 'глава', 'центризбирком::владимир::чуров'], ['за', 'месяц', 'до', 'губернаторский', 'выборы', 'расстановка', 'сила', 'рязанский', 'область', 'серьезно', 'изменяться'], ['сейчас', 'москомархитектур', 'находиться', 'на', 'согласование', '25', 'такой', 'стройплощадка', 'для', 'оборудование', 'наземный', 'плоскостной', 'стоянка', 'тот', 'число', 'на', 'улица', 'новослободская', 'верхний', 'красносельская', 'старый', 'басманный', 'лесной', 'остоженка', 'также', 'рязанский', 'оружейн', 'басманный', 'электрический', 'переулок', 'крымский', 'тупик'], ['несколько', 'год', 'назад', 'рязанский', 'боец', 'избивать', 'сотрудник', 'фабрика', 'марта', 'заподозрить', 'воровство']]"
39,персональный_ADJ,2001,"[['уже', 'октябрь', 'этот', 'год', 'персональный', 'пластик', 'каждый', 'пенсионер', 'превращаться', 'банковский', 'карта'], ['поскольку', 'тот', 'время', 'персональный', 'компьютер', 'программный', 'обеспечение', 'можно', 'быть', 'покупать', 'только', 'на', 'запад', 'агрегатный', 'автоматика', 'другой', 'технический', 'средство', 'готовый', 'быть', 'выполнять', 'на', 'отечественный', 'предприятие', 'особенно', 'оборонный', 'профиль', 'то', 'специалист', 'выбирать', 'самый', 'оптимальный', 'смешанный', 'вариант'], ['быть', 'помимо', 'прочий', 'персональный', 'заказ', 'известный', 'что', 'во', 'время', 'борис::ельцин', 'думский', 'кулинария', 'отовариваться', 'президентский', 'врач'], ['но', 'персональный', 'музей', 'не', 'хотеть'], ['весь', 'участник', 'звезда', 'запасной', 'получать', 'по', 'персональный', 'телохранитель', 'который', 'быть', 'прикреплять', 'игрок', 'прямо', 'аэропорт']]","[['выдающийся', 'волевой', 'качество', 'позволять', 'он', 'не', 'только', 'вести', 'созидательный', 'игра', 'но', 'грамотно', 'отрабатывать', 'оборона', 'читать', 'игра', 'быть', 'специалист', 'персональный', 'опека'], ['положенный', 'особняк', 'центр', 'столица', 'округ', 'плюс', 'возможно', 'офис', 'кремль', 'госдача', 'охрана', 'машина', 'мигалка', 'можно', 'ставить', 'вопрос', 'персональный', 'самолет', 'или', 'вагон', 'люкс', 'один', 'из', 'самый', 'большой', 'среди', 'чиновник', 'рф', 'зарплата', 'штат', 'несколько', 'сотня', 'человек', 'отдых', 'санаторий', 'управление', 'дело', 'президент::рф', 'любой', 'точка', 'россия', 'случай', 'что', 'лечение', 'цкб'], ['когда', 'только', 'начинать', 'свой', 'творческий', 'путь', 'на', 'первый', 'мой', 'персональный', 'выставка', 'приходить', 'множество', 'зритель', 'тот', 'число', 'гришин', 'демичев', 'кириленко'], ['платформа', 'для', 'степ-танец', 'бывать', 'маленький', 'как', 'раз', 'для', 'домашний', 'пользование', 'персональный', 'тренировка'], ['персональный', 'дисплей', 'помогать', 'видеть', 'например', 'очередность', 'свой', 'выступление', 'прослеживать', 'регистрировать', 'ли', 'для', 'голосование']]"
40,смешной_ADJ,2001,"[['смешной', 'история', 'быть', 'сколько', 'угодно'], ['смешной', 'глупый', 'что', 'приезжать', 'россия', 'проходить', 'пограничный', 'контроль'], ['обожать', 'театр', 'кино', 'но', 'всегда', 'возникать', 'один', 'серьезнейший', 'проблема', 'смешной', 'момент', 'начинать', 'истерически', 'хохотать', 'валиться', 'стул', 'биться', 'конвульсия', 'ничто', 'не', 'мочь', 'поделать', 'этот', 'свой', 'патологический', 'реакция'], ['такой', 'смешной', 'импровизация', 'во', 'время', 'праздничный', 'ужин', 'больше', 'не', 'встречать', 'ни', 'один', 'дом'], ['зал', 'известный', 'театр', ""sadler's::wells"", 'быть', 'заполнять', 'до', 'отказ', 'публика', 'на', 'удивление', 'адекватно', 'воспринимать', 'многочисленный', 'смешной', 'реприза']]","[['как', 'ваш', 'студент', 'относиться', 'творчество', 'такой', 'писатель', 'как', 'пелевин', 'сорокин', 'ерофеев', 'россия', 'всегда', 'быть', 'модернист', 'но', 'разве', 'можно', 'ставить', 'рядом', 'сон', 'смешной', 'человек', 'достоевский', 'вий', 'гоголь', 'петербург', 'андрей', 'белый', 'произведение', 'платонов', 'сказать', 'голубой', 'сало', 'сорокин', 'плохой', 'стиль', 'деревянный', 'язык', 'оглушительный', 'нецензурщина'], ['аня', 'собирательный', 'портрет', 'этот', 'средний', 'ученица', 'хороший', 'оценка', 'наивный', 'глаз', 'смешной', 'стрижка', 'словарный', 'запас', 'эллочка', 'людоедка'], ['прогресс', 'он', 'основное', 'служить', 'так', 'называть', 'цель', 'оборона', 'уже', 'пойти', 'наступление', 'когда-то', 'казаться', 'смешной', 'слово', 'то', 'что', 'война', 'не', 'быть', 'но', 'быть', 'такой', 'война', 'за', 'мир', 'что', 'камень', 'на', 'камень', 'не', 'оставаться', 'уже', 'не', 'казаться', 'смешной'], ['они', 'смешной', 'рисовать', 'чуть', 'мультяшно', 'оба', 'кругленький', 'он', 'шапка', 'торчать', 'ухо', 'палочка', 'они', 'растопырить', 'разный', 'сторона'], ['смешной', 'сказать', 'но', 'сегодня', 'многие', 'по-прежнему', 'оценивать', 'современный', 'молодежь', 'по', 'газетный', 'публикация', 'телепередач']]"
41,радиоактивный_ADJ,2000,"[['18', 'декабрь', '1997', 'год', 'быть', 'подписывать', 'правительственный', 'постановление', '1582', 'утверждение', 'перечень', 'населять', 'пункт', 'находиться', 'граница', 'зона', 'радиоактивный', 'загрязнение', 'вследствие', 'катастрофа', 'на', 'чернобыльский', 'аэс'], ['конечный', 'счет', 'находить', 'полиэтиленовый', 'пакет', 'он', 'завернутый', 'тряпка', 'грелка', 'остатки', 'радиоактивный', 'цезиевый', 'раствор'], ['ежегодно', 'только', 'на', 'объект', 'вмф', 'прибавляться', 'примерно', '20', 'тысяча', 'кубометр', 'жидкий', 'до', 'тысяча', 'тонна', 'твердый', 'радиоактивный', 'отходы'], ['мы', 'потом', 'еще', 'столько', 'год', 'вы', 'вывозить', 'человек', 'остров', 'карский', 'море', 'накрыть', 'радиоактивный', 'облакомя'], ['там', 'частность', 'быть', 'пункт', 'разрешать', 'ввоз', 'радиоактивный', 'отходы', 'из-за', 'граница']]","[['звать', 'специалист', 'проверять', 'радиоактивный', 'фон', 'потом', 'думать', 'что', 'это', 'болезнь', 'кондиционер', 'замерять', 'прощупывать', 'простукивать', 'просматривать'], ['лицо', 'эвакуировать', 'из', 'населять', 'пункт', 'подвергнуться', 'радиоактивный', 'загрязнение', 'из-за', 'авария', 'на', 'по', 'маяк', 'сброс', 'ядовитый', 'отходы', 'рождение', 'теч'], ['специалист', 'предстоять', 'проверять', 'оценивать', 'ход', 'работа', 'по', 'создание', 'комплекс', 'для', 'хранение', 'переработка', 'твердый', 'радиоактивный', 'отходы', 'списать', 'боевой', 'служба', 'атомный', 'субмарина', 'российский', 'тихоокеанский', 'флот'], ['то', 'более', 'что', 'промышленный', 'технология', 'позволять', 'переводить', 'отходы', 'из', 'радиоактивный', 'фаза', 'нерадиоактивный', 'россия', 'пока', 'нет', 'иметься', 'лабораторный', 'разработка'], ['нащупать', 'клапан', 'осушение', 'отсек', 'открывать', 'он', 'бреть', 'по', 'щиколотка', 'радиоактивный', 'вода', 'обратно']]"
42,приемный_ADJ,2013,"[['воспитывать', 'трое', 'ребенок', 'дочь', 'от', 'брак', 'кэти::холмс', 'приемный', 'дочь', 'сын', 'от', 'брак', 'николь::кидман'], ['канский', 'малыш', 'который', 'из', 'приемный', 'семья', 'сельский', 'участковый', 'попадать', 'больница', 'крайний', 'степень', 'истощение', 'синяк', 'ссадина', 'на', 'лицо', 'выписать', 'из', 'красноярский', 'детский', 'краевой', 'больница'], ['20', 'ребенок', 'семеро', 'родные', 'остальной', 'приемный'], ['иванов', 'добавлять', 'что', 'тревожный', 'кнопка', 'приемный', 'не', 'нужный', 'потому', 'что', 'каждый', 'управа', 'быть', 'служба', 'охрана', 'они', 'связь', 'милиция'], ['брать', 'отказываться', 'от', 'трое', 'приемный', 'российский', 'ребенок', 'обвинять', 'они', 'издевательство', 'самый', 'разный', 'характер']]","[['на', 'создание', 'экологический', 'приемный', 'один', 'округ', 'требоваться', '350', 'тысяча', 'рубль', 'финансироваться', 'он', 'быть', 'на', '40', 'на', 'собственный', 'средства', 'женсовевать', 'на', '60', 'из', 'бюджет', 'как', 'социальный', 'значимый', 'проект'], ['раньше', 'весь', 'абитуриент', 'должен', 'быть', 'приемный', 'комиссия', 'сдавать', 'результат', 'егэ', 'по', 'русский', 'язык', 'по', 'профильный', 'предмет', 'зависимость', 'от', 'решение', 'вуз', 'по', 'один', 'или', 'два', 'предмет', 'из', 'список', 'спустить', 'минобрнауки'], ['по', 'острый', 'проблема', 'мы', 'устраивать', 'тематический', 'прием', 'этот', 'день', 'приемный', 'работать', 'профильный', 'чиновник', 'специалист'], ['получать', 'данные', 'планировать', 'принимать', 'на', 'широкий', 'наземный', 'сеть', 'приемный', 'станция', 'инженерно-', 'технологический', 'центр', 'сканекс', 'затем', 'использовать', 'коммерческий', 'научный', 'образовательный', 'экологический', 'проект'], ['строительство', 'планировать', 'начинать', 'уже', 'лето', 'конец', '2015', 'год', 'должен', 'быть', 'готовый', 'приемный', 'терминал', 'газопровод', 'отвод', 'конец', '2016', 'год', 'транзитный', 'газопровод', 'компрессорный', 'станция', 'говорить', 'сообщение', 'стройтрансгаз']]"
43,принятый_ADJ,2008,"[['вообще-то', 'наш', 'семья', 'не', 'принятый', 'быть', 'вспоминать', 'тот', 'год', 'очень', 'уж', 'они', 'тяжелый', 'быть'], ['деятельность', 'таможенный', 'контрольть', 'пропускный', 'пункт', 'скулень', 'скуляна', 'на', 'молдо-румынский', 'граница', 'быть', 'возобновлять', '20', 'час', 'воскресенье', 'по', 'решение', 'принятый', 'орган', 'власть', 'два', 'страна'], ['побывать', 'на', 'выставка', 'можно', 'воочию', 'оценивать', 'весь', 'значимость', 'произведение', 'малевич', 'для', 'культура', 'история', 'тот', 'вещь', 'который', 'принятый', 'называть', 'символ', 'или', 'через', 'призма', 'нынешний', 'день', 'бренд'], ['быть', 'же', 'такой', 'тип', 'политик', 'который', 'принятый', 'называть', 'political', 'animal', 'политический', 'животное'], ['это', 'быть', 'не', 'французский', 'болельщик', 'откуда', 'они', 'браться', 'такой', 'количество', 'манчестер', 'петь', 'англичанин', 'житель', 'страна', 'который', 'еще', 'время', 'столетний', 'война', 'принятый', 'считать', 'самый', 'непримиримый', 'оппонент', 'франция']]","[['принятый', 'считать', 'что', 'второй', 'раз', 'на', 'один', 'турнир', 'равный', 'соперник', 'выигрывать', 'очень', 'сложный'], ['слово', 'россия', 'содержание', 'они', 'почему-то', 'принятый', 'хранить', 'за', 'семь', 'печать'], ['исключить', 'из', 'расход', 'алкоголь', 'деликатес', 'также', 'сухарик', 'чипсы', 'другой', 'продукт', 'который', 'принятый', 'называть', 'снек'], ['но', 'между', 'успешно', 'проехать', 'побеждать', 'дистанция', 'гораздо', 'больший', 'размер', 'чем', 'принятый', 'считать'], ['подпольный', 'цех', 'не', 'так', 'рентабельна', 'как', 'принятый', 'думать']]"
44,несогласный_ADJ,2006,"[['нет', 'от', '56', 'до', '78', 'бандит', 'как', 'утверждать', 'единственный', 'несогласный', 'член', 'комиссия', 'депутат', 'госдума::юрий::савельев'], ['заниматься', 'решение', 'какой-либо', 'вопрос', 'вступать', 'спор', 'несогласный', 'ваш', 'позиция', 'не', 'следовать'], ['единый', 'результат', 'экзаменуться', 'мочь', 'узнавать', 'через', 'четыре', 'или', 'пять', 'день', 'все', 'несогласный', 'свой', 'оценка', 'быть', 'возможность', 'подавать', 'на', 'апелляция', 'течение', 'три', 'день', 'после', 'объявление', 'результат'], ['кроме', 'то', 'чекист', 'наверняка', 'усматривать', 'еще', 'один', 'формальный', 'повод', 'для', 'обыск', 'офис', 'огф', 'после', 'прочтение', 'манифест', 'несогласный', 'призывать', 'массовый', 'гражданский', 'противостояние', 'кремлевский', 'оккупант'], ['организатор', 'марша', 'несогласный', 'намереваться', '16', 'декабрь', 'проходить', 'по', 'тверской', 'улица', 'от', 'триумфальный', 'площадь', 'до', 'васильевский', 'спуск']]","[['достаточный', 'сопоставлять', 'этот', 'пассаж', 'главный', 'лозунг', 'несогласный', 'россия', 'без', 'путин', 'все', 'более', 'громкий', 'призыв', 'борис::абрамович', 'свержение', 'существовать', 'россия', 'режим', 'как', 'сомнение', 'сценарный', 'связанность', 'три', 'действо', 'отпасть'], ['впрочем', 'лидер', 'другой', 'россия', 'тоже', 'мочь', 'бы', 'не', 'идти', 'на', 'принцип', 'откладывать', 'мероприятие', 'или', 'переносить', 'он', 'на', 'санкционировать', 'власть', 'место', 'что', 'потом', 'говорить', 'иран::хакамада', 'другой', 'представитель', 'несогласный', 'движение'], ['лишь', 'революционный', 'санкт-петербург', 'несогласный', 'быть', 'от', '300', 'до', '700', 'человек'], ['этот', 'день', 'представитель', 'региональный', 'отделение', 'огф', 'российский', 'народный', 'демократический', 'союз', 'рндс', 'движение', 'оборона', 'сторонник', 'ликвидировать', 'национал-большевистский', 'партия', 'нбп', 'должен', 'быть', 'собираться', 'офис', 'объединять', 'гражданский', 'фронт', 'чтобы', 'обсуждать', 'создание', 'свердловский', 'форум', 'другой', 'россия', 'коалиция', 'оппозиционный', 'объединение', 'создавать', 'лидер', 'огф::гарри::каспаров', 'экс-главый', 'ликвидировывать', 'нбп::эдуард::лимонов', 'руководитель', 'рндс::михаил::касьянов', 'проведение', 'митинг', 'поддержка', 'марш', 'несогласный', 'который', 'проходить', 'регион', 'страна'], ['свой', 'заявление', 'милицейский', 'чиновник', 'иллюстрировать', 'кадр', 'оперативный', 'видеосъемка', 'на', 'который', 'по', 'он', 'слово', 'видно', 'как', 'несогласный', 'выставлять', 'первый', 'ряд', 'женщина', 'подросток', 'старик', 'следом', 'пускать', 'так', 'называть', 'ударный', 'группа']]"
45,ручной_ADJ,2000,"[['подзаработав', 'на', 'поп-корна', 'смело', 'покупать', 'ручной', 'пончиковый', 'аппарат'], ['среда', 'потерпеть', 'серьезный', 'поражение', 'буш', 'адвокат', 'который', 'подавать', 'апелляция', 'федеральный', 'инстанция', 'настаивать', 'что', 'ручной', 'перестать', 'голос', 'флорида', 'быть', 'аннулированный'], ['увы', 'пока', 'на', 'дорога', 'действовать', '1500', 'стрелочный', 'перевод', 'ручной', 'управление'], ['окончательно', 'же', 'добить', 'испанский', 'фильм', 'жить', 'быть', 'дважды', 'он', 'от', 'модный', 'нынче', 'кинотечение', 'догма', 'лидер', 'который', 'являться', 'упоминать', 'уже', 'ларс', 'фон', 'триер', 'быть', 'брать', 'на', 'вооружение', 'один', 'только', 'дрожать', 'ручной', 'камера', 'весь', 'содержательный', 'начинка', 'состоять', 'из', 'разговор', 'встретиться', 'через', 'десять', 'год', 'однокурсник', 'то', 'кто', 'извинять', 'член', 'стоять', 'хорошо', 'это', 'выяснять', 'мальчик', 'кто', 'сколько', 'оргазм', 'способный', 'переживать', 'за', 'один', 'половой', 'акт', 'это', 'волновать', 'девочка'], ['пассажир', 'который', 'сидеть', 'рядом', 'водитель', 'должен', 'неожиданно', 'дергать', 'сразу', 'отпускать', 'ручка', 'ручной', 'тормоз']]","[['сейчас', 'они', 'гражданский', 'жизнь', 'тракторист', 'инженер', 'учитель', 'больший', 'часть', 'безработный', 'лупить', 'по', 'мишень', 'из', 'гранатомет', 'пулемет', 'метавать', 'ручной', 'граната'], ['описывать', 'основной', 'трудность', 'возникать', 'при', 'проведение', 'правовой', 'реформа', 'россия', 'начало', '90-й', 'докладчик', 'приходить', 'вывод', 'что', 'страна', 'за', 'минувший', 'год', 'настоящий', 'революция', 'право', 'не', 'происходить', 'сегодня', 'данный', 'пробел', 'заполнять', 'ручной', 'управление', 'посредством', 'гипертрофированный', 'роль', 'исполнительный', 'власть'], ['учить', 'ребята', 'боевой', 'метание', 'ручной', 'осколочный', 'граната'], ['конец', 'конец', 'служитель', 'фемида', 'заставлять', 'фирма', 'исполнить', 'решение', 'оплачивать', 'понести', 'истец', 'убыток', 'который', 'выразиться', 'оплата', 'за', 'хранение', 'ручной', 'кладь', 'тоо', 'ликтор', 'аэропорт', 'шереметьево', 'сумма', '46', 'рубль', 'направление', 'заказной', 'письмо', 'ответчик', 'претензия', 'документ', 'на', '16', 'рубль', '70', 'копейка', 'также', 'компенсировать', 'моральный', 'ущерб', 'размер', '500', 'рубль'], ['тот', 'женщина', 'находить', 'гараж', 'ручной', 'дрель', 'делать', 'из', 'жигули', 'решето']]"
46,круглый_ADJ,2011,"[['или', 'пообедать', 'прямо', 'на', 'территория', 'круглый', 'тюрьма'], ['почему', 'молодой', 'полный', 'сила', 'человек', 'не', 'находить', 'работа', 'по', 'итог', 'круглый', 'стол', 'комсомолка', 'выделять', 'два', 'причина'], ['этот', 'мнение', 'сходиться', 'участник', 'круглый', 'стол', 'который', 'проходить', 'пресс-центр', 'мурманский', 'редакция', 'комсомольский', 'правда'], ['бренд::links::london', 'предлагать', 'девушка', 'из', 'сити', 'лаконичный', 'украшение', 'белый', 'золото', 'круглый', 'опаловый', 'кабошон', 'огненный', 'коричневый', 'оттенок', 'или', 'вставка', 'из', 'серо-зеленый', 'нефрит'], ['как', 'же', 'печать', 'круглый']]","[['этот', 'феномен', 'возникать', 'эллиптический', 'или', 'круглый', 'помещение', 'звук', 'окрестность', 'стена', 'такой', 'постройка', 'распространять', 'особый', 'образ', 'благодаря', 'что', 'даже', 'тихий', 'шепот', 'можно', 'легко', 'слышать', 'стенка', 'противоположный', 'конец', 'здание'], ['круглый', 'такой', 'похожий', 'на', 'детский', 'юла'], ['фирменный', 'вариант', 'от', 'pasquale::bruni', 'округлый', 'как', 'морской', 'галька', 'почти', 'круглый', 'сердечко', 'покрыть', 'пава', 'из', 'драгоценный', 'камень', 'ход', 'идти', 'бриллиант', 'разный', 'оттенок', 'от', 'желтый', 'до', 'коньячное', 'сапфир', 'от', 'розовый', 'до', 'темный', 'синий', 'рубин', 'другой', 'камень'], ['на', 'круглый', 'стол', 'милл', 'рассказывать', 'будущее', 'свой', 'дочь', 'рождаться', '2007', 'год'], ['этот', 'конструкция', 'вписываться', 'общий', 'концепция', 'дизайн', 'гармонизировать', 'круглый', 'дефлектор', 'воздуховод', 'забавный', 'шарообразный', 'жалюзи', 'воздуховод']]"
47,казанский_ADJ,2009,"[['премьер-лига', 'казанский', 'рубин', 'удивлять', 'неожиданный', 'замена', 'арбитр', 'на', 'гостевой', 'матч', 'локомотив'], ['слово', 'чем', 'мало', 'оставаться', 'корзина', 'шар', 'то', 'мрачно', 'выглядеть', 'казанский', 'перспектива'], ['калешин', 'наверняка', 'оставаться', 'рубин', 'казанский', 'клуб', 'подтверждать', 'письмо', 'что', 'намерен', 'выкупать', 'футболист'], ['казанский', 'барс', 'считать', 'фаворит', 'этот', 'пара', 'по', 'ход', 'противостояние', 'уже', 'дважды', 'вырываться', 'вперед'], ['сейчас', 'казанский', 'прокуратура', 'готовить', 'соответствующий', 'материал']]","[['вот', 'студент', 'один', 'из', 'казанский', 'вуз', 'евгений', 'говорить', 'что', 'прежде', 'все', 'обращать', 'внимание', 'на', 'ценник', 'искренне', 'удивляться', 'узнавать', 'что', 'по', 'весь', 'страна', 'начало', 'год', 'не', 'мочь', 'быть', 'пол-литр', 'дешевый', '89', 'рубль'], ['рубин', 'покупать', 'карлос::эдуарду', 'казанский', 'клуб', 'официально', 'объявлять', 'то', 'что', 'заключать', 'контракт', 'бразилец', 'карлос::эдуарду'], ['состав', 'жюри', 'казанский', 'фестиваль', 'быть', 'работать', 'режиссер', 'драматург', 'актриса', 'анна', 'брайновска', 'австралия', 'киносценарист', 'писатель', 'мауро::мартино', 'италия', 'актриса', 'гуль::кират::панаг', 'индия', 'актер', 'ментай::утепбергенов', 'казахстан', 'кинорежиссер', 'ассад::тах', 'объединять', 'арабский', 'эмират', 'режиссер', 'продюсер', 'сценарист', 'актер', 'юксел::акс', 'турция', 'режиссер', 'шахрияр::бахрани', 'иран', 'режиссер', 'сценарист', 'художник', 'иван::максимов', 'россия', 'продюсер', 'михаил::михайлов', 'россия'], ['напоминать', '16', 'июнь', 'директор', 'один', 'из', 'консалтинговый', 'фирма', 'по', 'совместительство', 'один', 'из', 'учредитель', 'ассоциация', 'коммерческий', 'кооператив', 'поволжье', 'двадцатишестилетний', 'сергей::к', 'за', 'час', 'собирать', 'на', 'казанский', 'дорога', 'на', 'свой', 'ауди::том', 'дтп', 'из', '14', 'автомобиль'], ['тут', 'ведь', 'главное', 'не', 'то', 'как', 'чисто', 'уберться', 'сам', 'процесс', 'замечать', 'менеджер', 'один', 'из', 'казанский', 'компания', 'ильдар']]"
48,грозный_ADJ,2000,"[['около', '100', 'бандит', 'прятаться', 'аргунский', 'ущелье', 'порядка', '500', 'грозный'], ['поздно', 'вечер', 'вторник', 'грозный', 'быть', 'убивать', 'заместитель', 'полномочный', 'представитель', 'правительство', 'рф', 'чечня', 'полковник', 'сергей::зверев'], ['скоро', 'например', 'афиша', 'коллектив', 'пополниться', 'еще', 'один', 'спектакль', 'юрий::николаевич', 'он', 'становиться', 'иван', 'грозный'], ['по', 'мнение', 'помощник', 'президент', 'россия::сергей::ястржембский', 'скорее', 'все', 'террористический', 'акт', 'быть', 'направлять', 'против', 'мэр', 'грозный'], ['грозный', 'обещание', 'разбираться']]","[['пренеприятный', 'новость', 'для', 'человек', 'тратить', 'три', 'день', 'на', 'получение', 'аккредитация', 'для', 'поездка', 'грозный', 'иметь', 'карман', 'билет', 'на', 'самолет'], ['они', '-то', 'строить', 'грозный', 'плывун', 'приходить', 'мешать', 'захотеть', 'грозить', 'затопить', 'котлован'], ['но', 'появляться', 'обнадеживать', 'весть', 'стадион', 'динамо', 'грозный', 'браться', 'восстанавливать', 'немец'], ['как', 'впрочем', 'нет', 'она', 'грозный'], ['воин', 'грозный', 'царь', 'вычистить', 'от', 'лес', 'макушка', 'холм', 'на', 'этот', 'лысина', 'заново', 'собирать', 'бревенчатый', 'крепость', 'размер', 'превосходить', 'московский', 'кремль']]"
49,рейтинговый_ADJ,2012,"[['учебный', 'заведение', 'который', 'не', 'выполнять', 'по', 'политика', 'рост', 'рейтинговый', 'показатель', 'течение', 'два', 'год', 'быть', 'лишать', 'субсидирование', 'размер', 'миллиард', 'рубль'], ['вопрос', 'наращивание', 'долг', 'ржд', 'до', 'максимальный', 'коэффициент', '2,5', 'быть', 'предлагать', 'ранее', 'правительство', 'это', 'поручение', 'наш', 'акционер', 'большой', 'долговая', 'нагрузка', 'мы', 'не', 'мочь', 'себя', 'позволять', 'соответствие', 'рекомендация', 'рейтинговый', 'агентство', 'пояснять', 'рбк', 'daily', 'старший', 'вице-президент', 'ржд::вадим::михайлов'], ['сегодня', 'даже', 'мировой', 'рейтинговый', 'сообщество', 'идти', 'дискуссия', 'то', 'что', 'стоить', 'уделять', 'внимание', 'не', 'только', 'общий', 'показатель', 'вуз', 'но', 'также', 'уровень', 'сотрудник', 'университет'], ['хотя', 'крупный', 'организация', 'объединять', 'частный', 'держатель', 'греческий', 'долг', 'институт', 'международный', 'финансы', 'iif', 'пятница', 'выражать', 'удовлетворение', 'по', 'повод', 'то', 'что', 'процент', 'инвестор', 'согласиться', 'добровольно', 'участвовать', 'спасение', 'греция', 'оказываться', 'достаточно', 'высокий', 'рейтинговый', 'агентство', 'fitch', 'понижать', 'долгосрочный', 'рейтинг', 'греция', 'с""', 'до', 'rd', 'ограничивать', 'дефолт'], ['любой', 'рейтинговый', 'предложение', 'гарантировать', 'доведение', 'он', 'до', 'кандидат', 'президент', 'пообещать', 'песков']]","[['рейтинговый', 'очко', 'для', 'попадание', 'на', 'олимпийский', 'игра', 'который', 'можно', 'быть', 'зарабатывать', 'на', 'этот', 'турнир', 'становиться', 'самый', 'высокий'], ['выходной', 'привозить', 'демонстрационный', 'версия', 'один', 'из', 'самый', 'дорогой', 'быстрый', 'рейтинговый', 'событие', 'профессиональный', 'спорт'], ['прошлый', 'сезон', 'он', 'выигрывать', 'этап', 'тур::китай', 'тур', 'озеро', 'тайх', 'тур::хайнаня', 'тур::корея', 'по', 'сумма', 'рейтинговый', 'очки', 'становиться', 'лучший', 'гонщикий', 'азиатский', 'тур'], ['первый', 'космос', 'оказываться', 'по', 'итог', 'летний', 'сезон', 'на', '27-й', 'место', 'общий', 'рейтинговый', 'таблица', 'получать', 'прокат', '36,2', 'миллион', 'рубль'], ['то', 'не', 'менее', 'как', 'отмечать', 'виктор::четвериков', 'нра', 'не', 'быть', 'проводить', 'какой-либо', 'рейтинговый', 'действие', 'отношение', 'мой', 'банк', 'до', 'тот', 'пора', 'пока', 'не', 'проводить', 'встреча', 'новый', 'руководство', 'или', 'собственник', 'не', 'понимать', 'что', 'быть', 'дальнейший', 'происходить', 'кредитный', 'организация']]"
50,католический_ADJ,2001,"[['под', 'свод', 'страсбургский', 'собор', 'католический', 'священник', 'салатовый', 'ряса', 'золотой', 'шитье', 'перечислять', 'напасть', 'одолевать', 'человек', 'корысть', 'лицемерие', 'загрязнение', 'окружать', 'среда', 'региональный', 'конфликт'], ['сегодня', 'католический', 'пенсионный', 'фонд', 'один', 'из', 'слабейший', 'страна'], ['почти', 'четверть', 'век', 'он', 'нести', 'мир', 'пожизненно', 'избирать', 'глава', 'католический', 'церковь', 'иоанн::павел', 'ii'], ['они', 'много', 'главный', 'образ', 'они', 'католический', 'или', 'христианский'], ['так', 'он', 'сластолюбециальный', 'супруга', 'не', 'давать', 'что', 'фухимори', 'поддерживать', 'католический', 'церковь']]","[['они', 'просто', 'заметавать', 'сор', 'под', 'ковер', 'таков', 'мнение', 'питер', 'айсеть', 'психотерапевт', 'из', 'милуоки', 'который', 'сам', 'подвергаться', 'детство', 'насилие', 'со', 'сторона', 'католический', 'прелата'], ['во', 'время', 'дебаты', 'по', 'российский', 'закон', 'религия', 'парламентарий', 'пенять', 'мы', 'на', 'ущемление', 'право', 'такой', 'организация', 'как', 'армия', 'спасение', 'свидетель::иегова', 'также', 'на', 'депортация', 'католический', 'священник'], ['там', 'даллас', 'воцаряться', 'необычный', 'для', 'католический', 'нрав', 'демократия', 'жертва', 'насилие', 'мочь', 'встречаться', 'кулуар', 'епископа', 'даже', 'выступать', 'перед', 'они', 'речь'], ['какой', 'быть', 'он', 'удивление', 'когда', 'он', 'реформатору', 'мода', 'из', 'самый', 'продвинутый', 'обращаться', 'человек', 'из', 'ватикан', 'предлагать', 'создавать', 'убранство', 'для', 'папа', 'римский', '5500', 'католический', 'иерарх', 'специально', 'для', 'всемирный', 'день', 'молодежь', 'который', 'состояться', 'париж', 'лето', '1997', 'год'], ['справедливость', 'ради', 'надо', 'отмечать', 'что', 'русский', 'православный', 'церковь', 'поддерживать', 'добрый', 'связь', 'отдельный', 'католический', 'епархия', 'монастырь', 'учебный', 'заведение', 'благотворительный', 'организация', 'простой', 'верующий', 'римско-католический', 'церковь']]"
51,любить_ADJ,2001,"[['хотеть', 'что', 'мир', 'знать', 'что', 'любить', 'этот', 'женщина'], ['представлять', 'делиться', 'они', 'подруга', 'он', 'любить', 'весь', 'десять', 'ночь', 'потом', 'еще', 'дарить', 'часы', 'кофточка'], ['это', 'он', 'понимать', 'но', 'не', 'мочь', 'осознавать', 'почему', 'за', 'что', 'он', 'так', 'наказывать', 'он', 'спрашивать', 'окружающие', 'разве', 'он', 'не', 'любить', 'не', 'уважать', 'она', 'как', 'жена', 'как', 'человек', 'последний', 'год', 'незадолго', 'до', 'смерть', 'он', 'вдруг', 'стать', 'часто', 'говорить', 'это', 'совершенно', 'сводить', 'это', 'ум'], ['генсек', 'брежнев', 'не', 'любить', 'копаться', 'экономика'], ['вера::дмитриевна', 'очень', 'любить', 'родитель', 'володя']]","[['иной', 'жанр', 'да', 'сам', 'автор', 'честно', 'заявлять', 'что', 'он', 'любить', 'тема', 'являться', 'глобализация', 'многополярность'], ['действительно', 'они', 'очень', 'любить', 'но', 'ездить', 'на', 'они', 'только', 'юность'], ['потом', 'галина', 'стать', 'казаться', 'что', 'бывший', 'муж', 'она', 'не', 'любить'], ['бутырская', 'отличие', 'от', 'стереотипный', 'дама', 'визжать', 'от', 'один', 'только', 'вид', 'крысиный', 'хвост', 'этот', 'зверюшка', 'любить'], ['клара::степановна', 'вы', 'свой', 'первый', 'фильм', 'кубанский', 'казак', 'любить']]"
52,приемный_ADJ,2007,"[['они', 'обслуживать', 'аж', '123', 'приемный', 'пункт'], ['дюжина', 'мужчина', 'присяжный', 'должен', 'выносить', 'вердикт', 'по', 'дело', 'юноша', 'некорять', 'национальность', 'обвинять', 'убийство', 'родной', 'михалков', 'приемный', 'отец'], ['только', 'тогда', 'мочь', 'отстаивать', 'свой', 'право', 'быть', 'приемный', 'мать'], ['они', 'предлагать', 'организовывать', 'приемный', 'семья', 'который', 'должен', 'быть', 'не', 'менее', 'восемь', 'ребенок'], ['размещение', 'ребенок', 'приемный', 'семья', 'настолько', 'индивидуальный', 'ювелирный', 'работа', 'чтобы', 'государство', 'как', 'машина', 'она', 'точно', 'не', 'мочь', 'справляться']]","[['приемный', 'день', 'понедельник', 'среда', 'пятница', 'суббота', 'l0.00', 'до', 'l7.00'], ['приемный', 'покой', 'сгкб', 'улица'], ['затем', 'проделать', 'то', 'же', 'самый', 'через', 'приемный', 'покой'], ['приемный', 'отец', 'отрубить', 'он', 'голова'], ['этот', 'цель', 'кпрф', 'уже', 'открывать', 'общественный', 'приемный', 'для', 'увольнять']]"
53,убедительный_ADJ,2003,"[['он', 'уметь', 'из', 'красота', 'пушкин', 'делать', 'убедительный', 'приспособление'], ['искренне', 'поздравлять', 'юрий::михайлович', 'убедительный', 'победа', 'на', 'выборы', 'сказать', 'выходить', 'микрофон', 'владимир::путин'], ['но', 'мы', 'подумать', 'что', 'один', 'пиаровский', 'стакан', 'все', 'же', 'не', 'очень', 'убедительный'], ['мочь', 'врач', 'решать', 'спасать', 'льюис', 'от', 'поражение', 'думать', 'матч-реванш', 'если', 'он', 'состояться', 'заканчиваться', 'убедительный', 'победа', 'украинец'], ['аргумент', 'исследователь', 'казаться', 'вполне', 'убедительный']]","[['но', 'весь', 'это', 'не', 'слишком', 'убедительный'], ['наиболее', 'убедительный', 'близкий', 'пример', 'для', 'христианин', 'тот', 'же', 'апостол', 'павел'], ['весь', 'свой', 'деятельность', 'он', 'самый', 'убедительный', 'образ', 'доказывать', 'что', 'нет', 'не', 'мочь', 'быть', 'никакой', 'знак', 'равенство', 'между', 'бандит', 'террорист', 'целый', 'народ', 'подчеркивать', 'президент', 'рф'], ['2001', 'год', 'александр::лукашенко', 'одерживать', 'убедительный', 'победа', 'на', 'президентский', 'выборы', 'выходить', 'на', 'второй', 'срок', 'правление'], ['убедительный', 'просьба', 'коллега', 'называть', 'себя', 'сми', 'который', 'вы', 'представлять']]"
54,сборная_ADJ,2002,"[['очень', 'рад', 'за', 'сборная', 'россия'], ['американец', 'искать', 'здесь', 'весь', 'особый', 'подтекст', 'еще', 'за', 'неделя', 'до', 'олимпиада', 'объявлять', 'этот', 'игра', 'продолжение', 'олимпийский', 'финал', '80-й', 'год', 'когда', 'сборная', 'сша', 'ведомый', 'как', 'сейчас', 'тренер', 'брукс', 'обыграть', 'наш'], ['нападающий', 'сборная', 'бразилия', 'мадридский', 'реал', 'роналдо', 'называть', 'лучший', 'футболист', 'год'], ['сборная', 'италия', 'сборная', 'хорватия'], ['однажды', 'пеле', 'спрашивать', 'когда', 'сборная', 'россия', 'становиться', 'чемпион', 'мир', 'по', 'футбол', 'на', 'этот', 'король', 'футбол', 'отвечать', 'лишь', 'тогда', 'когда', 'команда', 'бразилия', 'завоевывать', 'золото', 'на', 'чемпионат', 'мир', 'по', 'хоккей']]","[['после', 'то', 'как', 'валерий::газзаев', 'паника', 'покидать', 'пост', 'главный', 'тренер', 'сборная', 'россия', 'хозяйство', 'основной', 'команда', 'страна', 'целый', 'неделя', 'быть', 'состояние', 'близкий', 'развал'], ['эпопея', 'совмещение', 'пост', 'главный', 'тренер', 'цска', 'наставник', 'национальный', 'сборная', 'явно', 'затягиваться'], ['когда', 'наш', 'играть', 'канадец', 'быть', 'стыдно', 'за', 'российский', 'сборная', 'заявлять', 'корреспондент', 'труд', 'главный', 'тренер', 'московский', 'динамо', 'зинэтул::билялетдинов'], ['казаться', 'наш', 'сборная', 'везти'], ['позволять', 'но', 'никто', 'прошлый', 'год', 'не', 'поднимать', 'истерик', 'из-за', 'то', 'что', 'дима', 'квартальный', 'который', 'играть', 'мой', 'команда', 'не', 'брать', 'сборная']]"
