,WORD
0,taper_ADJ
1,pierre_ADJ
2,curled_ADJ
3,frankly_ADJ
4,constituent_ADJ
5,stroll_ADJ
6,utilize_ADJ
7,highway_ADJ
8,envoy_ADJ
9,licensed_ADJ
10,aware_ADJ
11,mousy_ADJ
12,shoute_ADJ
13,testify_ADJ
14,daylong_ADJ
15,contraceptive_ADJ
16,sponsor_ADJ
17,patrol_ADJ
18,radioactive_ADJ
19,vegetarian_ADJ
20,digestible_ADJ
21,crap_ADJ
22,slur_ADJ
23,curfew_ADJ
24,departmental_ADJ
25,unspoiled_ADJ
26,programmatic_ADJ
27,modernize_ADJ
28,scuttle_ADJ
29,stiffer_ADJ
30,setting_ADJ
31,burden_ADJ
32,swim_ADJ
33,emergency_ADJ
34,routine_ADJ
35,spunky_ADJ
36,frosty_ADJ
37,gargantuan_ADJ
38,prefer_ADJ
39,buck_ADJ
40,pursed_ADJ
41,striped_ADJ
42,acknowledged_ADJ
43,weave_ADJ
44,generational_ADJ
45,subject_ADJ
46,soil_ADJ
47,scratch_ADJ
48,breakthrough_ADJ
49,nonetheless_ADJ
50,interpersonal_ADJ
51,loos_ADJ
52,conduct_ADJ
53,foie_ADJ
54,manicur_ADJ
55,slavish_ADJ
56,anal_ADJ
57,strangle_ADJ
58,handicap_ADJ
59,posterior_ADJ
60,ul_ADJ
61,watchdog_ADJ
62,orphaned_ADJ
63,conical_ADJ
64,poet_ADJ
65,referral_ADJ
66,tast_ADJ
67,english_ADJ
68,spot_ADJ
69,scholastic_ADJ
70,une_ADJ
71,stupendous_ADJ
72,creek_ADJ
73,undisguised_ADJ
74,cane_ADJ
75,natty_ADJ
76,pubic_ADJ
77,cinder_ADJ
78,cheese_ADJ
79,garden_ADJ
80,hairy_ADJ
81,plymouth_ADJ
82,successive_ADJ
83,censorious_ADJ
84,yosemite_ADJ
85,chose_ADJ
86,street_ADJ
87,escap_ADJ
88,neural_ADJ
89,nuptial_ADJ
90,attempted_ADJ
91,funereal_ADJ
92,moroccan_ADJ
93,ronald_ADJ
94,fungus_ADJ
95,reinforced_ADJ
96,expansive_ADJ
97,sing_ADJ
98,published_ADJ
99,between_ADJ
100,edgar_ADJ
101,descriptive_ADJ
102,gutted_ADJ
103,salt_ADJ
104,ranch_ADJ
105,colombian_ADJ
106,axle_ADJ
107,drawing_ADJ
108,resemble_ADJ
109,coyote_ADJ
110,void_ADJ
111,tammany_ADJ
112,flint_ADJ
113,valued_ADJ
114,ripen_ADJ
115,practical_ADJ
116,feigned_ADJ
117,cultural_ADJ
118,lump_ADJ
119,various_ADJ
120,edge_ADJ
121,anticlimactic_ADJ
122,kinetic_ADJ
123,herald_ADJ
124,outnumber_ADJ
125,speckl_ADJ
126,unseen_ADJ
127,istanbul_ADJ
128,purebr_ADJ
129,recent_ADJ
130,distil_ADJ
131,travele_ADJ
132,uniformed_ADJ
133,elliott_ADJ
134,georgetown_ADJ
135,coral_ADJ
136,rever_ADJ
137,oily_ADJ
138,elaborate_ADJ
139,neare_ADJ
140,dip_ADJ
141,ethiopian_ADJ
142,almond_ADJ
143,teary_ADJ
144,council_ADJ
145,chested_ADJ
146,guided_ADJ
147,farthest_ADJ
148,finge_ADJ
149,inflict_ADJ
150,pal_ADJ
151,swank_ADJ
152,unaccountable_ADJ
153,mining_ADJ
154,irreverent_ADJ
155,pore_ADJ
156,muffled_ADJ
157,impassive_ADJ
158,wis_ADJ
159,horny_ADJ
160,architectural_ADJ
161,forehead_ADJ
162,longish_ADJ
163,league_ADJ
164,barber_ADJ
165,melody_ADJ
166,workaday_ADJ
167,grimmer_ADJ
168,drug_ADJ
169,bearded_ADJ
170,bankruptcy_ADJ
171,deprave_ADJ
172,harry_ADJ
173,berkeley_ADJ
174,maximum_ADJ
175,intake_ADJ
176,athenian_ADJ
177,lite_ADJ
178,scrawled_ADJ
179,mutual_ADJ
180,winner_ADJ
181,heady_ADJ
182,godforsaken_ADJ
183,western_ADJ
184,summer_ADJ
185,ceilinge_ADJ
186,unspoken_ADJ
187,rumble_ADJ
188,woodland_ADJ
189,someplace_ADJ
190,vacuous_ADJ
191,slap_ADJ
192,luck_ADJ
193,splash_ADJ
194,swelter_ADJ
195,stripe_ADJ
196,muy_ADJ
197,nbc_ADJ
198,toolong_ADJ
199,com_ADJ
200,pittsburgh_ADJ
201,typed_ADJ
202,billboard_ADJ
203,outstretch_ADJ
204,conced_ADJ
205,advisory_ADJ
206,pentecostal_ADJ
207,furniture_ADJ
208,caliber_ADJ
209,moldy_ADJ
210,fifty_ADJ
211,myth_ADJ
212,journalistic_ADJ
213,brian_ADJ
214,license_ADJ
215,putrid_ADJ
216,before_ADJ
217,sister_ADJ
218,unpalatable_ADJ
219,telltale_ADJ
220,greatest_ADJ
221,antiwar_ADJ
222,sample_ADJ
223,stocky_ADJ
224,jurisdictional_ADJ
225,rotational_ADJ
226,chicken_ADJ
227,tarnish_ADJ
228,flashlight_ADJ
229,strain_ADJ
230,daily_ADJ
231,congest_ADJ
232,flag_ADJ
233,flashy_ADJ
234,kindr_ADJ
235,inaccessible_ADJ
236,increas_ADJ
237,unforeseeable_ADJ
238,checker_ADJ
239,gilbert_ADJ
240,southernmost_ADJ
241,burlap_ADJ
242,leafless_ADJ
243,pained_ADJ
244,sulfuric_ADJ
245,childlike_ADJ
246,allowable_ADJ
247,congress_ADJ
248,exact_ADJ
249,blizzard_ADJ
250,altar_ADJ
251,palatable_ADJ
252,jewish_ADJ
253,slavery_ADJ
254,speech_ADJ
255,cleric_ADJ
256,unendurable_ADJ
257,le_ADJ
258,ceramic_ADJ
259,sisal_ADJ
260,nonessential_ADJ
261,bronx_ADJ
262,rim_ADJ
263,saturn_ADJ
264,bolder_ADJ
265,irrelevan_ADJ
266,conditional_ADJ
267,disagree_ADJ
268,extend_ADJ
269,westward_ADJ
270,breast_ADJ
271,cr_ADJ
272,palsy_ADJ
273,dialectical_ADJ
274,ne_ADJ
275,adhesive_ADJ
276,glitter_ADJ
277,pulp_ADJ
278,constitutional_ADJ
279,triple_ADJ
280,friend_ADJ
281,gallon_ADJ
282,decorat_ADJ
283,cheat_ADJ
284,godless_ADJ
285,mythic_ADJ
286,attend_ADJ
287,intimidate_ADJ
288,crib_ADJ
289,downtrode_ADJ
290,fore_ADJ
291,ridicule_ADJ
292,hour_ADJ
293,ivan_ADJ
294,startl_ADJ
295,retreat_ADJ
296,flicker_ADJ
297,tweedy_ADJ
298,outlawed_ADJ
299,exclusive_ADJ
300,sift_ADJ
301,pleas_ADJ
302,rimless_ADJ
303,elder_ADJ
304,verifiable_ADJ
305,command_ADJ
306,anthony_ADJ
307,bikini_ADJ
308,inhabit_ADJ
309,satiric_ADJ
310,influence_ADJ
311,base_ADJ
312,recognizable_ADJ
313,smash_ADJ
314,flapp_ADJ
315,afflict_ADJ
316,observable_ADJ
317,compare_ADJ
318,engrave_ADJ
319,unannounce_ADJ
320,notch_ADJ
321,investor_ADJ
322,queen_ADJ
323,fallow_ADJ
324,sperm_ADJ
325,fainte_ADJ
326,tolerate_ADJ
327,chromatic_ADJ
328,plain_ADJ
329,topple_ADJ
330,than_ADJ
331,ear_ADJ
332,crosse_ADJ
333,sheepish_ADJ
334,undiscover_ADJ
335,diversify_ADJ
336,able_ADJ
337,object_ADJ
338,oppress_ADJ
339,dear_ADJ
340,bless_ADJ
341,foster_ADJ
342,nat_ADJ
343,baptismal_ADJ
344,predictive_ADJ
345,insure_ADJ
346,though_ADJ
347,lore_ADJ
348,issue_ADJ
349,purport_ADJ
350,unkempt_ADJ
351,petrify_ADJ
352,pickle_ADJ
353,virus_ADJ
354,commercial_ADJ
355,cal_ADJ
356,supermarket_ADJ
357,outbound_ADJ
358,excise_ADJ
359,barrack_ADJ
360,morale_ADJ
361,uptown_ADJ
362,fall_ADJ
363,deep_ADJ
364,scrappy_ADJ
365,church_ADJ
366,22_ADJ
367,blooded_ADJ
368,unsigned_ADJ
369,blessed_ADJ
370,curtain_ADJ
371,uncountable_ADJ
372,substitute_ADJ
373,unenviable_ADJ
374,university_ADJ
375,garrulous_ADJ
376,bulk_ADJ
377,rabbit_ADJ
378,fit_ADJ
379,hormonal_ADJ
380,sway_ADJ
381,ladylike_ADJ
382,corral_ADJ
383,film_ADJ
384,confidential_ADJ
385,unopen_ADJ
386,earl_ADJ
387,assess_ADJ
388,lid_ADJ
389,crystal_ADJ
390,overtime_ADJ
391,ferry_ADJ
392,plural_ADJ
393,admitted_ADJ
394,unplan_ADJ
395,respectable_ADJ
396,closer_ADJ
397,document_ADJ
398,prejudiced_ADJ
399,promised_ADJ
400,reform_ADJ
401,crisscross_ADJ
402,elevator_ADJ
403,retrieval_ADJ
404,clarke_ADJ
405,uncanny_ADJ
406,parish_ADJ
407,shoulder_ADJ
408,group_ADJ
409,vessel_ADJ
410,disconnect_ADJ
411,bryant_ADJ
412,confirm_ADJ
413,unforgivable_ADJ
414,extra_ADJ
415,goose_ADJ
416,flaile_ADJ
417,grown_ADJ
418,blacken_ADJ
419,communicate_ADJ
420,someday_ADJ
421,impish_ADJ
422,differ_ADJ
423,continuous_ADJ
424,policeman_ADJ
425,included_ADJ
426,finger_ADJ
427,anglican_ADJ
428,hurricane_ADJ
429,unsatisfy_ADJ
430,voiceless_ADJ
431,unrepentant_ADJ
432,rolle_ADJ
433,effeminate_ADJ
434,condensed_ADJ
435,canny_ADJ
436,sanitary_ADJ
437,marine_ADJ
438,obedient_ADJ
439,european_ADJ
440,innocent_ADJ
441,consultant_ADJ
442,periodic_ADJ
443,clip_ADJ
444,recover_ADJ
445,polle_ADJ
446,embarrasse_ADJ
447,mammal_ADJ
448,fisherman_ADJ
449,con_ADJ
450,plume_ADJ
451,ocular_ADJ
452,unskil_ADJ
453,trackless_ADJ
454,postpo_ADJ
455,curse_ADJ
456,bet_ADJ
457,sabbatical_ADJ
458,sightless_ADJ
459,concomitant_ADJ
460,patterned_ADJ
461,bobby_ADJ
462,pity_ADJ
463,view_ADJ
464,fifth_ADJ
465,whiter_ADJ
466,pig_ADJ
467,morphological_ADJ
468,evoke_ADJ
469,lacy_ADJ
470,motive_ADJ
471,bumble_ADJ
472,brazilian_ADJ
473,promiscuous_ADJ
474,plague_ADJ
475,city_ADJ
476,salmon_ADJ
477,rarer_ADJ
478,hand_ADJ
479,convict_ADJ
480,original_ADJ
481,night_ADJ
482,slower_ADJ
483,spiked_ADJ
484,really_ADJ
485,leap_ADJ
486,regard_ADJ
487,whimsy_ADJ
488,vibrat_ADJ
489,largely_ADJ
490,whale_ADJ
491,epileptic_ADJ
492,speckle_ADJ
493,mourning_ADJ
494,metaphorical_ADJ
495,afresh_ADJ
496,choral_ADJ
497,burn_ADJ
498,snarl_ADJ
499,eight_ADJ
500,breathtak_ADJ
501,surefire_ADJ
502,empire_ADJ
503,perpetual_ADJ
504,imperturbable_ADJ
505,energy_ADJ
506,luke_ADJ
507,brood_ADJ
508,stunn_ADJ
509,truly_ADJ
510,battery_ADJ
511,gate_ADJ
512,ira_ADJ
513,surround_ADJ
514,pinch_ADJ
515,manly_ADJ
516,lae_ADJ
517,weekend_ADJ
518,alter_ADJ
519,brak_ADJ
520,baltic_ADJ
521,unsully_ADJ
522,spiky_ADJ
523,spindly_ADJ
524,stewed_ADJ
525,unsuitable_ADJ
526,fool_ADJ
527,corned_ADJ
528,screech_ADJ
529,enlighten_ADJ
530,cashmere_ADJ
531,terrifie_ADJ
532,baby_ADJ
533,opponent_ADJ
534,cit_ADJ
535,immune_ADJ
536,treasure_ADJ
537,keep_ADJ
538,far_ADJ
539,twin_ADJ
540,scath_ADJ
541,nd_ADJ
542,grammatical_ADJ
543,dar_ADJ
544,taciturn_ADJ
545,merchandise_ADJ
546,gripp_ADJ
547,mucous_ADJ
548,assure_ADJ
549,interstate_ADJ
550,secret_ADJ
551,ash_ADJ
552,viscous_ADJ
553,shy_ADJ
554,fourteen_ADJ
555,anonymous_ADJ
556,shapeless_ADJ
557,commemorative_ADJ
558,deputy_ADJ
559,hickory_ADJ
560,ecstasy_ADJ
561,associative_ADJ
562,rapacious_ADJ
563,overturned_ADJ
564,guarantee_ADJ
565,approved_ADJ
566,perfume_ADJ
567,phase_ADJ
568,ben_ADJ
569,venereal_ADJ
570,many_ADJ
571,flash_ADJ
572,incontrovertible_ADJ
573,pink_ADJ
574,ingrained_ADJ
575,formulate_ADJ
576,enrich_ADJ
577,dick_ADJ
578,powdery_ADJ
579,relieve_ADJ
580,squeal_ADJ
581,victim_ADJ
582,thunderous_ADJ
583,monday_ADJ
584,widowed_ADJ
585,hel_ADJ
586,distinguishable_ADJ
587,ft_ADJ
588,wiser_ADJ
589,width_ADJ
590,reserved_ADJ
591,eleanor_ADJ
592,woolly_ADJ
593,depict_ADJ
594,lik_ADJ
595,purported_ADJ
596,bottom_ADJ
597,commentary_ADJ
598,premiere_ADJ
599,coach_ADJ
600,psych_ADJ
601,kidney_ADJ
602,centennial_ADJ
603,early_ADJ
604,follow_ADJ
605,turvy_ADJ
606,skull_ADJ
607,lockheed_ADJ
608,diamond_ADJ
609,changeable_ADJ
610,dozen_ADJ
611,headlong_ADJ
612,intrastate_ADJ
613,unemployable_ADJ
614,neighborly_ADJ
615,politic_ADJ
616,silend_ADJ
617,shape_ADJ
618,casualty_ADJ
619,dissimilar_ADJ
620,pesky_ADJ
621,apartheid_ADJ
622,dissect_ADJ
623,smog_ADJ
624,resistan_ADJ
625,retinal_ADJ
626,schematic_ADJ
627,preoccupy_ADJ
628,poure_ADJ
629,bubble_ADJ
630,certify_ADJ
631,vine_ADJ
632,clamorous_ADJ
633,uncover_ADJ
634,bigger_ADJ
635,obscur_ADJ
636,prevail_ADJ
637,selective_ADJ
638,shakedown_ADJ
639,filmy_ADJ
640,adriatic_ADJ
641,beverly_ADJ
642,place_ADJ
643,shorten_ADJ
644,easi_ADJ
645,interim_ADJ
646,exalte_ADJ
647,emissary_ADJ
648,faced_ADJ
649,flannel_ADJ
650,sawed_ADJ
651,sectional_ADJ
652,jovian_ADJ
653,network_ADJ
654,lower_ADJ
655,aboard_ADJ
656,incorporate_ADJ
657,artistic_ADJ
658,philanthropic_ADJ
659,coptic_ADJ
660,letter_ADJ
661,wax_ADJ
662,attempt_ADJ
663,incriminat_ADJ
664,eleventh_ADJ
665,armed_ADJ
666,puppy_ADJ
667,wail_ADJ
668,texture_ADJ
669,cadaverous_ADJ
670,immigrant_ADJ
671,pant_ADJ
672,spawn_ADJ
673,persist_ADJ
674,flute_ADJ
675,burke_ADJ
676,psychotic_ADJ
677,slowest_ADJ
678,indescribable_ADJ
679,insouciant_ADJ
680,noted_ADJ
681,southwestern_ADJ
682,paddle_ADJ
683,guttural_ADJ
684,soviet_ADJ
685,saber_ADJ
686,consult_ADJ
687,sadistic_ADJ
688,dispossess_ADJ
689,dom_ADJ
690,yearly_ADJ
691,rebuttal_ADJ
692,string_ADJ
693,dimple_ADJ
694,least_ADJ
695,defensible_ADJ
696,howle_ADJ
697,meek_ADJ
698,bi_ADJ
699,cyclic_ADJ
700,precautionary_ADJ
701,bestselle_ADJ
702,kee_ADJ
703,japanese_ADJ
704,skill_ADJ
705,combustible_ADJ
706,refusal_ADJ
707,widen_ADJ
708,unscathed_ADJ
709,unrecognize_ADJ
710,rubble_ADJ
711,soapy_ADJ
712,found_ADJ
713,flippant_ADJ
714,waste_ADJ
715,encourag_ADJ
716,weight_ADJ
717,ber_ADJ
718,sickle_ADJ
719,scale_ADJ
720,habitable_ADJ
721,poplar_ADJ
722,inconspicuous_ADJ
723,border_ADJ
724,eldest_ADJ
725,floral_ADJ
726,pinpoint_ADJ
727,distant_ADJ
728,knuckle_ADJ
729,calibrate_ADJ
730,wait_ADJ
731,misplaced_ADJ
732,landless_ADJ
733,fitted_ADJ
734,metal_ADJ
735,irene_ADJ
736,fecund_ADJ
737,patent_ADJ
738,shock_ADJ
739,desperately_ADJ
740,gooey_ADJ
741,lieutenant_ADJ
742,visite_ADJ
743,veined_ADJ
744,putative_ADJ
745,gerald_ADJ
746,technology_ADJ
747,costume_ADJ
748,picnic_ADJ
749,boarding_ADJ
750,aggrieve_ADJ
751,inexhaustible_ADJ
752,tenor_ADJ
753,admiral_ADJ
754,shouldere_ADJ
755,haute_ADJ
756,shriveled_ADJ
757,lip_ADJ
758,onstage_ADJ
759,spatial_ADJ
760,bishop_ADJ
761,columnist_ADJ
762,inform_ADJ
763,contrast_ADJ
764,reddish_ADJ
765,sunny_ADJ
766,structure_ADJ
767,hom_ADJ
768,delight_ADJ
769,fisher_ADJ
770,pakistani_ADJ
771,educat_ADJ
772,blacktop_ADJ
773,adjust_ADJ
774,november_ADJ
775,threadbare_ADJ
776,occasional_ADJ
777,presend_ADJ
778,ass_ADJ
779,elegan_ADJ
780,orchid_ADJ
781,er_ADJ
782,odious_ADJ
783,procedural_ADJ
784,prickly_ADJ
785,oscar_ADJ
786,fuck_ADJ
787,syllable_ADJ
788,proportionate_ADJ
789,unsolvable_ADJ
790,principle_ADJ
791,photogenic_ADJ
792,bookstore_ADJ
793,parental_ADJ
794,pedestal_ADJ
795,smokeless_ADJ
796,carl_ADJ
797,flock_ADJ
798,variegate_ADJ
799,trench_ADJ
800,broil_ADJ
801,federalist_ADJ
802,cypress_ADJ
803,record_ADJ
804,eclipse_ADJ
805,seismic_ADJ
806,determine_ADJ
807,saddle_ADJ
808,unsung_ADJ
809,removable_ADJ
810,unstoppable_ADJ
811,quizzical_ADJ
812,faster_ADJ
813,portuguese_ADJ
814,tend_ADJ
815,strongest_ADJ
816,colour_ADJ
817,prestigious_ADJ
818,west_ADJ
819,afford_ADJ
820,goody_ADJ
821,loquacious_ADJ
822,canadian_ADJ
823,scalloped_ADJ
824,platonic_ADJ
825,inaugural_ADJ
826,unctuous_ADJ
827,cobbled_ADJ
828,periodical_ADJ
829,vaudeville_ADJ
830,heterosexual_ADJ
831,bulgarian_ADJ
832,shrimp_ADJ
833,disappoint_ADJ
834,interval_ADJ
835,pediatric_ADJ
836,novel_ADJ
837,convulsive_ADJ
838,issued_ADJ
839,movie_ADJ
840,correctional_ADJ
841,thunder_ADJ
842,conducive_ADJ
843,ordained_ADJ
844,venture_ADJ
845,haunt_ADJ
846,twisting_ADJ
847,pornography_ADJ
848,newspaper_ADJ
849,stopp_ADJ
850,nose_ADJ
851,recreational_ADJ
852,jag_ADJ
853,snack_ADJ
854,disinfectant_ADJ
855,pretrial_ADJ
856,sode_ADJ
857,loosen_ADJ
858,esteem_ADJ
859,could_ADJ
860,naturalistic_ADJ
861,sandal_ADJ
862,derivative_ADJ
863,cole_ADJ
864,huge_ADJ
865,special_ADJ
866,pi_ADJ
867,resistant_ADJ
868,identifiable_ADJ
869,unashame_ADJ
870,perceptible_ADJ
871,complimentary_ADJ
872,hippie_ADJ
873,resist_ADJ
874,retroactive_ADJ
875,dwight_ADJ
876,tissue_ADJ
877,sack_ADJ
878,excit_ADJ
879,gentry_ADJ
880,liberat_ADJ
881,slowly_ADJ
882,downtown_ADJ
883,agriculture_ADJ
884,spray_ADJ
885,cc_ADJ
886,lauren_ADJ
887,van_ADJ
888,curle_ADJ
889,failure_ADJ
890,census_ADJ
891,ship_ADJ
892,wind_ADJ
893,coveted_ADJ
894,sic_ADJ
895,tomorrow_ADJ
896,gentl_ADJ
897,ach_ADJ
898,disorganize_ADJ
899,chick_ADJ
900,treasury_ADJ
901,legalistic_ADJ
902,absolutely_ADJ
903,vil_ADJ
904,deject_ADJ
905,process_ADJ
906,southeast_ADJ
907,plow_ADJ
908,blasphemy_ADJ
909,spleen_ADJ
910,thermal_ADJ
911,whit_ADJ
912,god_ADJ
913,shriek_ADJ
914,lash_ADJ
915,tote_ADJ
916,paternalistic_ADJ
917,improve_ADJ
918,fragmentary_ADJ
919,tow_ADJ
920,continue_ADJ
921,reflected_ADJ
922,equal_ADJ
923,titular_ADJ
924,antarctic_ADJ
925,missile_ADJ
926,edged_ADJ
927,spy_ADJ
928,carbohydrate_ADJ
929,fang_ADJ
930,machiavellian_ADJ
931,ale_ADJ
932,editorial_ADJ
933,perspective_ADJ
934,restorative_ADJ
935,material_ADJ
936,goddess_ADJ
937,plac_ADJ
938,stem_ADJ
939,muggy_ADJ
940,relational_ADJ
941,apparend_ADJ
942,longitudinal_ADJ
943,puffy_ADJ
944,figurative_ADJ
945,determin_ADJ
946,masochistic_ADJ
947,neighbor_ADJ
948,lab_ADJ
949,king_ADJ
950,barn_ADJ
951,clinge_ADJ
952,center_ADJ
953,shorte_ADJ
954,farewell_ADJ
955,gluey_ADJ
956,teen_ADJ
957,nurture_ADJ
958,imply_ADJ
959,fruch_ADJ
960,pastry_ADJ
961,step_ADJ
962,windmill_ADJ
963,latin_ADJ
964,unfaile_ADJ
965,weep_ADJ
966,cult_ADJ
967,runny_ADJ
968,fireplace_ADJ
969,neanderthal_ADJ
970,solar_ADJ
971,institutionalize_ADJ
972,incremental_ADJ
973,guy_ADJ
974,clasp_ADJ
975,cater_ADJ
976,obey_ADJ
977,spring_ADJ
978,ragge_ADJ
979,aforementioned_ADJ
980,provocative_ADJ
981,descent_ADJ
982,ary_ADJ
983,jamaican_ADJ
984,drowned_ADJ
985,strung_ADJ
986,accept_ADJ
987,compete_ADJ
988,colorless_ADJ
989,fleck_ADJ
990,intoxicat_ADJ
991,snare_ADJ
992,cycle_ADJ
993,gypsy_ADJ
994,globular_ADJ
995,slight_ADJ
996,barge_ADJ
997,slug_ADJ
998,philosophy_ADJ
999,loft_ADJ
1000,emboss_ADJ
1001,wicker_ADJ
1002,eavesdropp_ADJ
1003,director_ADJ
1004,chok_ADJ
1005,deepe_ADJ
1006,slipshod_ADJ
1007,bilateral_ADJ
1008,virtual_ADJ
1009,communicable_ADJ
1010,confessional_ADJ
1011,lobby_ADJ
1012,investigat_ADJ
1013,govern_ADJ
1014,task_ADJ
1015,profoundly_ADJ
1016,unbridled_ADJ
1017,degrad_ADJ
1018,family_ADJ
1019,alleged_ADJ
1020,creep_ADJ
1021,unadorned_ADJ
1022,fifteen_ADJ
1023,howl_ADJ
1024,oxford_ADJ
1025,meditative_ADJ
1026,survival_ADJ
1027,unarm_ADJ
1028,lome_ADJ
1029,bal_ADJ
1030,author_ADJ
1031,father_ADJ
1032,crepe_ADJ
1033,worke_ADJ
1034,prep_ADJ
1035,wedd_ADJ
1036,meet_ADJ
1037,fin_ADJ
1038,polar_ADJ
1039,seamless_ADJ
1040,testimony_ADJ
1041,gum_ADJ
1042,xavy_ADJ
1043,forth_ADJ
1044,work_ADJ
1045,musical_ADJ
1046,actuarial_ADJ
1047,prefabricate_ADJ
1048,presbyterian_ADJ
1049,voltage_ADJ
1050,scratchy_ADJ
1051,frothy_ADJ
1052,plat_ADJ
1053,underwate_ADJ
1054,middle_ADJ
1055,siren_ADJ
1056,lusty_ADJ
1057,restrained_ADJ
1058,tuscan_ADJ
1059,lilac_ADJ
1060,pudgy_ADJ
1061,pontiac_ADJ
1062,twitch_ADJ
1063,caribbean_ADJ
1064,roth_ADJ
1065,stall_ADJ
1066,squad_ADJ
1067,uncertainty_ADJ
1068,doughy_ADJ
1069,upheaval_ADJ
1070,decli_ADJ
1071,freight_ADJ
1072,blood_ADJ
1073,substandard_ADJ
1074,item_ADJ
1075,budap_ADJ
1076,guild_ADJ
1077,asiatic_ADJ
1078,nest_ADJ
1079,hack_ADJ
1080,spartan_ADJ
1081,buggy_ADJ
1082,paddy_ADJ
1083,shall_ADJ
1084,cloud_ADJ
1085,fraud_ADJ
1086,transcendental_ADJ
1087,fitt_ADJ
1088,dispassionate_ADJ
1089,consultative_ADJ
1090,beware_ADJ
1091,releas_ADJ
1092,freeze_ADJ
1093,tax_ADJ
1094,litte_ADJ
1095,pucker_ADJ
1096,piquant_ADJ
1097,blackmail_ADJ
1098,punitive_ADJ
1099,idiosyncratic_ADJ
1100,cerebral_ADJ
1101,chess_ADJ
1102,incorruptible_ADJ
1103,omnibus_ADJ
1104,optional_ADJ
1105,enable_ADJ
1106,candidate_ADJ
1107,grip_ADJ
1108,vestigial_ADJ
1109,forthcom_ADJ
1110,edmund_ADJ
1111,thirteen_ADJ
1112,margaret_ADJ
1113,role_ADJ
1114,silli_ADJ
1115,unavoidable_ADJ
1116,discontent_ADJ
1117,puritan_ADJ
1118,joined_ADJ
1119,wont_ADJ
1120,choreograph_ADJ
1121,forested_ADJ
1122,secessionist_ADJ
1123,criticism_ADJ
1124,scriptural_ADJ
1125,founded_ADJ
1126,forty_ADJ
1127,gill_ADJ
1128,inseparable_ADJ
1129,massive_ADJ
1130,feather_ADJ
1131,overland_ADJ
1132,norman_ADJ
1133,unobtrusive_ADJ
1134,vent_ADJ
1135,materialistic_ADJ
1136,overwhelm_ADJ
1137,frank_ADJ
1138,supervisory_ADJ
1139,frost_ADJ
1140,proverbial_ADJ
1141,euphoric_ADJ
1142,pleasan_ADJ
1143,byzantine_ADJ
1144,ukrainian_ADJ
1145,bridle_ADJ
1146,persuasive_ADJ
1147,oldfashioned_ADJ
1148,request_ADJ
1149,plowed_ADJ
1150,note_ADJ
1151,mood_ADJ
1152,claustrophobic_ADJ
1153,extreme_ADJ
1154,expenditure_ADJ
1155,repetitive_ADJ
1156,with_ADJ
1157,winch_ADJ
1158,sac_ADJ
1159,vault_ADJ
1160,drill_ADJ
1161,peripatetic_ADJ
1162,cortical_ADJ
1163,inclin_ADJ
1164,prideful_ADJ
1165,gym_ADJ
1166,ideological_ADJ
1167,thorn_ADJ
1168,stream_ADJ
1169,primary_ADJ
1170,implie_ADJ
1171,pope_ADJ
1172,ellen_ADJ
1173,candid_ADJ
1174,supplementary_ADJ
1175,jazzy_ADJ
1176,librarian_ADJ
1177,homogeneous_ADJ
1178,crested_ADJ
1179,permeable_ADJ
1180,chant_ADJ
1181,iridescent_ADJ
1182,lily_ADJ
1183,mathematical_ADJ
1184,denim_ADJ
1185,eugene_ADJ
1186,pistol_ADJ
1187,overconfident_ADJ
1188,deem_ADJ
1189,luther_ADJ
1190,poorer_ADJ
1191,maple_ADJ
1192,messianic_ADJ
1193,press_ADJ
1194,varnish_ADJ
1195,electrical_ADJ
1196,restaurant_ADJ
1197,cyrus_ADJ
1198,pronounce_ADJ
1199,coeducational_ADJ
1200,politician_ADJ
1201,fluster_ADJ
1202,unheate_ADJ
1203,rhythmic_ADJ
1204,garde_ADJ
1205,mile_ADJ
1206,schedule_ADJ
1207,official_ADJ
1208,joyless_ADJ
1209,motherly_ADJ
1210,tawny_ADJ
1211,omnipotent_ADJ
1212,humiliate_ADJ
1213,petite_ADJ
1214,attended_ADJ
1215,ruth_ADJ
1216,legislative_ADJ
1217,interpret_ADJ
1218,gertrude_ADJ
1219,separat_ADJ
1220,anticipate_ADJ
1221,expendable_ADJ
1222,psychiatrist_ADJ
1223,gree_ADJ
1224,dri_ADJ
1225,descend_ADJ
1226,fused_ADJ
1227,east_ADJ
1228,thaw_ADJ
1229,penny_ADJ
1230,lengthen_ADJ
1231,corduroy_ADJ
1232,invest_ADJ
1233,per_ADJ
1234,tailed_ADJ
1235,afloat_ADJ
1236,or_ADJ
1237,unend_ADJ
1238,rhetoric_ADJ
1239,suffocat_ADJ
1240,angled_ADJ
1241,eleven_ADJ
1242,digested_ADJ
1243,sammy_ADJ
1244,contested_ADJ
1245,tur_ADJ
1246,pebble_ADJ
1247,occult_ADJ
1248,seeth_ADJ
1249,negotiable_ADJ
1250,library_ADJ
1251,prose_ADJ
1252,underlie_ADJ
1253,thanksgive_ADJ
1254,corner_ADJ
1255,immerse_ADJ
1256,find_ADJ
1257,sharpen_ADJ
1258,rheumatoid_ADJ
1259,thicken_ADJ
1260,bottle_ADJ
1261,creak_ADJ
1262,linen_ADJ
1263,pulsat_ADJ
1264,alcoholic_ADJ
1265,nationwide_ADJ
1266,ageless_ADJ
1267,seek_ADJ
1268,control_ADJ
1269,escaped_ADJ
1270,willful_ADJ
1271,oxygen_ADJ
1272,fierc_ADJ
1273,inimitable_ADJ
1274,transactional_ADJ
1275,ahmad_ADJ
1276,governmental_ADJ
1277,taste_ADJ
1278,slovenly_ADJ
1279,unattend_ADJ
1280,popp_ADJ
1281,powell_ADJ
1282,freud_ADJ
1283,cody_ADJ
1284,presumptive_ADJ
1285,balky_ADJ
1286,slatted_ADJ
1287,traverse_ADJ
1288,offshore_ADJ
1289,federate_ADJ
1290,proffer_ADJ
1291,play_ADJ
1292,devoid_ADJ
1293,dazzle_ADJ
1294,lord_ADJ
1295,bowl_ADJ
1296,chuckle_ADJ
1297,tousled_ADJ
1298,car_ADJ
1299,indefatigable_ADJ
1300,sleepy_ADJ
1301,heating_ADJ
1302,inexplicable_ADJ
1303,sue_ADJ
1304,brief_ADJ
1305,quicker_ADJ
1306,sophomuch_ADJ
1307,agrarian_ADJ
1308,ring_ADJ
1309,icelandic_ADJ
1310,interfer_ADJ
1311,feudal_ADJ
1312,unsold_ADJ
1313,colony_ADJ
1314,vehicle_ADJ
1315,antiquate_ADJ
1316,easier_ADJ
1317,tent_ADJ
1318,practice_ADJ
1319,quebec_ADJ
1320,sexual_ADJ
1321,disaffect_ADJ
1322,engineer_ADJ
1323,gain_ADJ
1324,weld_ADJ
1325,unwary_ADJ
1326,muhammad_ADJ
1327,transit_ADJ
1328,olympic_ADJ
1329,menace_ADJ
1330,louisville_ADJ
1331,stray_ADJ
1332,maxwell_ADJ
1333,unfay_ADJ
1334,essentially_ADJ
1335,gamble_ADJ
1336,telegraph_ADJ
1337,whitney_ADJ
1338,velvet_ADJ
1339,whole_ADJ
1340,teenage_ADJ
1341,rush_ADJ
1342,ongoing_ADJ
1343,doc_ADJ
1344,voter_ADJ
1345,afield_ADJ
1346,soggy_ADJ
1347,crimson_ADJ
1348,fiber_ADJ
1349,incestuous_ADJ
1350,estrang_ADJ
1351,psychopathic_ADJ
1352,success_ADJ
1353,disperse_ADJ
1354,grazing_ADJ
1355,healthi_ADJ
1356,warren_ADJ
1357,curative_ADJ
1358,curly_ADJ
1359,system_ADJ
1360,ballad_ADJ
1361,facetious_ADJ
1362,amplify_ADJ
1363,omit_ADJ
1364,vintage_ADJ
1365,civilized_ADJ
1366,ry_ADJ
1367,unpaint_ADJ
1368,illuminat_ADJ
1369,summit_ADJ
1370,wander_ADJ
1371,male_ADJ
1372,token_ADJ
1373,win_ADJ
1374,ruffled_ADJ
1375,abuse_ADJ
1376,aft_ADJ
1377,vocational_ADJ
1378,unhurry_ADJ
1379,ceremonial_ADJ
1380,hall_ADJ
1381,detect_ADJ
1382,atavistic_ADJ
1383,jolt_ADJ
1384,sable_ADJ
1385,mast_ADJ
1386,stout_ADJ
1387,designate_ADJ
1388,stunt_ADJ
1389,undergone_ADJ
1390,unalterable_ADJ
1391,disparate_ADJ
1392,boisterous_ADJ
1393,jesuit_ADJ
1394,horror_ADJ
1395,scientific_ADJ
1396,divisional_ADJ
1397,voracious_ADJ
1398,rattle_ADJ
1399,outsize_ADJ
1400,physicist_ADJ
1401,subtle_ADJ
1402,cardiac_ADJ
1403,crotchety_ADJ
1404,welch_ADJ
1405,continental_ADJ
1406,expand_ADJ
1407,pedagogical_ADJ
1408,logge_ADJ
1409,unregulate_ADJ
1410,moribund_ADJ
1411,same_ADJ
1412,displaced_ADJ
1413,bewitch_ADJ
1414,log_ADJ
1415,bubonic_ADJ
1416,prescrib_ADJ
1417,accelerate_ADJ
1418,gentile_ADJ
1419,bowle_ADJ
1420,front_ADJ
1421,underneath_ADJ
1422,skim_ADJ
1423,digest_ADJ
1424,paisley_ADJ
1425,hydrogen_ADJ
1426,georgian_ADJ
1427,prohibit_ADJ
1428,mist_ADJ
1429,prospective_ADJ
1430,volcanic_ADJ
1431,mailed_ADJ
1432,excruciat_ADJ
1433,civilian_ADJ
1434,submerged_ADJ
1435,likely_ADJ
1436,victory_ADJ
1437,hamburg_ADJ
1438,sappy_ADJ
1439,stagger_ADJ
1440,snowy_ADJ
1441,talle_ADJ
1442,observe_ADJ
1443,meander_ADJ
1444,unilateral_ADJ
1445,veteran_ADJ
1446,conquer_ADJ
1447,lesser_ADJ
1448,bloodstained_ADJ
1449,td_ADJ
1450,temperate_ADJ
1451,gentleman_ADJ
1452,accent_ADJ
1453,commit_ADJ
1454,orthopedic_ADJ
1455,vic_ADJ
1456,homeric_ADJ
1457,successor_ADJ
1458,nightmarish_ADJ
1459,poore_ADJ
1460,investigate_ADJ
1461,chest_ADJ
1462,sail_ADJ
1463,climate_ADJ
1464,sneer_ADJ
1465,unsolve_ADJ
1466,clandestine_ADJ
1467,deliberative_ADJ
1468,baroque_ADJ
1469,undefeate_ADJ
1470,opposite_ADJ
1471,threaten_ADJ
1472,easiest_ADJ
1473,construct_ADJ
1474,sassy_ADJ
1475,hellish_ADJ
1476,windless_ADJ
1477,slimy_ADJ
1478,mat_ADJ
1479,lease_ADJ
1480,consecutive_ADJ
1481,neolithic_ADJ
1482,lumber_ADJ
1483,crouch_ADJ
1484,persian_ADJ
1485,flak_ADJ
1486,invasive_ADJ
1487,stud_ADJ
1488,unalter_ADJ
1489,tosse_ADJ
1490,motorize_ADJ
1491,equestrian_ADJ
1492,packaged_ADJ
1493,oppose_ADJ
1494,swirle_ADJ
1495,swarthy_ADJ
1496,familial_ADJ
1497,discipline_ADJ
1498,upheld_ADJ
1499,forcible_ADJ
1500,bug_ADJ
1501,cantankerous_ADJ
1502,captive_ADJ
1503,perish_ADJ
1504,logan_ADJ
1505,boastful_ADJ
1506,sizzle_ADJ
1507,crease_ADJ
1508,endless_ADJ
1509,old_ADJ
1510,grandfather_ADJ
1511,constant_ADJ
1512,chemical_ADJ
1513,abolish_ADJ
1514,bruise_ADJ
1515,reverential_ADJ
1516,paradise_ADJ
1517,unity_ADJ
1518,admired_ADJ
1519,hearten_ADJ
1520,fashion_ADJ
1521,mid_ADJ
1522,tight_ADJ
1523,dominat_ADJ
1524,grassy_ADJ
1525,surrealist_ADJ
1526,advocate_ADJ
1527,ski_ADJ
1528,ruffle_ADJ
1529,feathery_ADJ
1530,liturgical_ADJ
1531,poster_ADJ
1532,demand_ADJ
1533,arme_ADJ
1534,inalienable_ADJ
1535,can_ADJ
1536,slightly_ADJ
1537,simmer_ADJ
1538,menstrual_ADJ
1539,apple_ADJ
1540,diary_ADJ
1541,unstate_ADJ
1542,tome_ADJ
1543,fraternal_ADJ
1544,simpl_ADJ
1545,richard_ADJ
1546,moss_ADJ
1547,adult_ADJ
1548,cost_ADJ
1549,sponsore_ADJ
1550,require_ADJ
1551,stained_ADJ
1552,disheveled_ADJ
1553,crosstown_ADJ
1554,gran_ADJ
1555,tighter_ADJ
1556,errand_ADJ
1557,race_ADJ
1558,didactic_ADJ
1559,marry_ADJ
1560,sean_ADJ
1561,discern_ADJ
1562,oil_ADJ
1563,masculine_ADJ
1564,extracurricular_ADJ
1565,winded_ADJ
1566,heart_ADJ
1567,bleary_ADJ
1568,awake_ADJ
1569,causal_ADJ
1570,scribble_ADJ
1571,orchard_ADJ
1572,pencil_ADJ
1573,sharper_ADJ
1574,drunker_ADJ
1575,sle_ADJ
1576,shout_ADJ
1577,fumble_ADJ
1578,alone_ADJ
1579,entrench_ADJ
1580,bliss_ADJ
1581,flung_ADJ
1582,inborn_ADJ
1583,foxy_ADJ
1584,cloister_ADJ
1585,mediat_ADJ
1586,beach_ADJ
1587,luc_ADJ
1588,obligatory_ADJ
1589,unreason_ADJ
1590,inoffensive_ADJ
1591,danny_ADJ
1592,song_ADJ
1593,urban_ADJ
1594,better_ADJ
1595,unify_ADJ
1596,venal_ADJ
1597,fill_ADJ
1598,baghdad_ADJ
1599,greene_ADJ
1600,et_ADJ
1601,creditable_ADJ
1602,rural_ADJ
1603,flee_ADJ
1604,stronger_ADJ
1605,paired_ADJ
1606,unmarry_ADJ
1607,consolidate_ADJ
1608,comforte_ADJ
1609,confront_ADJ
1610,first_ADJ
1611,intrinsic_ADJ
1612,skyrocket_ADJ
1613,matter_ADJ
1614,respect_ADJ
1615,guatemalan_ADJ
1616,hoc_ADJ
1617,bartender_ADJ
1618,anterior_ADJ
1619,bladd_ADJ
1620,homestead_ADJ
1621,commensurate_ADJ
1622,dartmouth_ADJ
1623,during_ADJ
1624,recital_ADJ
1625,revive_ADJ
1626,feasible_ADJ
1627,reverend_ADJ
1628,wrecke_ADJ
1629,heavyweight_ADJ
1630,bold_ADJ
1631,outgoing_ADJ
1632,tic_ADJ
1633,honey_ADJ
1634,collapse_ADJ
1635,stolid_ADJ
1636,counterfeit_ADJ
1637,tug_ADJ
1638,indian_ADJ
1639,round_ADJ
1640,pleasurable_ADJ
1641,crowde_ADJ
1642,tempestuous_ADJ
1643,frightening_ADJ
1644,boat_ADJ
1645,sudden_ADJ
1646,unprepar_ADJ
1647,butt_ADJ
1648,cord_ADJ
1649,abstract_ADJ
1650,imposed_ADJ
1651,deciduous_ADJ
1652,flam_ADJ
1653,noticeable_ADJ
1654,mule_ADJ
1655,bird_ADJ
1656,musician_ADJ
1657,spin_ADJ
1658,zip_ADJ
1659,deposit_ADJ
1660,charm_ADJ
1661,head_ADJ
1662,ubiquitous_ADJ
1663,bluegrass_ADJ
1664,economic_ADJ
1665,diagnose_ADJ
1666,observational_ADJ
1667,lived_ADJ
1668,pr_ADJ
1669,terror_ADJ
1670,deteriorat_ADJ
1671,snow_ADJ
1672,funded_ADJ
1673,erotic_ADJ
1674,nautical_ADJ
1675,expert_ADJ
1676,sartorial_ADJ
1677,voice_ADJ
1678,cooper_ADJ
1679,fundamentalist_ADJ
1680,sinuous_ADJ
1681,producer_ADJ
1682,arrest_ADJ
1683,slouch_ADJ
1684,inside_ADJ
1685,exhilarat_ADJ
1686,kille_ADJ
1687,knotty_ADJ
1688,himalayan_ADJ
1689,dame_ADJ
1690,punish_ADJ
1691,unyield_ADJ
1692,sig_ADJ
1693,astronomical_ADJ
1694,tolerant_ADJ
1695,desiccate_ADJ
1696,advertised_ADJ
1697,purdue_ADJ
1698,frontal_ADJ
1699,unmanageable_ADJ
1700,answ_ADJ
1701,agree_ADJ
1702,entry_ADJ
1703,aspir_ADJ
1704,eric_ADJ
1705,promotional_ADJ
1706,fer_ADJ
1707,whitman_ADJ
1708,sixth_ADJ
1709,heale_ADJ
1710,shiftless_ADJ
1711,coordinate_ADJ
1712,helmeted_ADJ
1713,generic_ADJ
1714,animal_ADJ
1715,cheer_ADJ
1716,breakdown_ADJ
1717,strand_ADJ
1718,jaw_ADJ
1719,slip_ADJ
1720,rod_ADJ
1721,heel_ADJ
1722,oyster_ADJ
1723,chain_ADJ
1724,betty_ADJ
1725,feature_ADJ
1726,bible_ADJ
1727,josh_ADJ
1728,sude_ADJ
1729,except_ADJ
1730,enrage_ADJ
1731,blanch_ADJ
1732,flagstone_ADJ
1733,longstand_ADJ
1734,husband_ADJ
1735,typ_ADJ
1736,martial_ADJ
1737,nor_ADJ
1738,flare_ADJ
1739,lacquer_ADJ
1740,pay_ADJ
1741,infinitesimal_ADJ
1742,unfound_ADJ
1743,ticket_ADJ
1744,electoral_ADJ
1745,tourist_ADJ
1746,bed_ADJ
1747,reveal_ADJ
1748,scott_ADJ
1749,endorse_ADJ
1750,button_ADJ
1751,uncooperative_ADJ
1752,split_ADJ
1753,wider_ADJ
1754,fate_ADJ
1755,dispute_ADJ
1756,jump_ADJ
1757,required_ADJ
1758,normandy_ADJ
1759,unthink_ADJ
1760,third_ADJ
1761,common_ADJ
1762,que_ADJ
1763,chilean_ADJ
1764,inspect_ADJ
1765,batt_ADJ
1766,suffere_ADJ
1767,eighteen_ADJ
1768,revised_ADJ
1769,attract_ADJ
1770,acquir_ADJ
1771,regulatory_ADJ
1772,pool_ADJ
1773,clothing_ADJ
1774,dump_ADJ
1775,steame_ADJ
1776,unflatter_ADJ
1777,depart_ADJ
1778,cheaply_ADJ
1779,name_ADJ
1780,beleaguer_ADJ
1781,grass_ADJ
1782,by_ADJ
1783,furnish_ADJ
1784,financ_ADJ
1785,germ_ADJ
1786,register_ADJ
1787,stealthy_ADJ
1788,exasperate_ADJ
1789,unpatriotic_ADJ
1790,recoverable_ADJ
1791,girlish_ADJ
1792,croak_ADJ
1793,financial_ADJ
1794,traditional_ADJ
1795,ob_ADJ
1796,cellophane_ADJ
1797,tarnished_ADJ
1798,faded_ADJ
1799,elmhurst_ADJ
1800,cognac_ADJ
1801,vote_ADJ
1802,unvary_ADJ
1803,smallest_ADJ
1804,geometrical_ADJ
1805,lesbian_ADJ
1806,favore_ADJ
1807,simply_ADJ
1808,orphan_ADJ
1809,labore_ADJ
1810,pulmonary_ADJ
1811,initiate_ADJ
1812,disrupt_ADJ
1813,rebel_ADJ
1814,confess_ADJ
1815,connect_ADJ
1816,temple_ADJ
1817,subdue_ADJ
1818,promot_ADJ
1819,jane_ADJ
1820,emblematic_ADJ
1821,external_ADJ
1822,leafy_ADJ
1823,libyan_ADJ
1824,scatological_ADJ
1825,overstuff_ADJ
1826,sorrow_ADJ
1827,air_ADJ
1828,placid_ADJ
1829,wak_ADJ
1830,ross_ADJ
1831,transport_ADJ
1832,eaffectionat_ADJ
1833,sensory_ADJ
1834,focuse_ADJ
1835,geography_ADJ
1836,gibberish_ADJ
1837,furthest_ADJ
1838,hold_ADJ
1839,seven_ADJ
1840,ideology_ADJ
1841,yoing_ADJ
1842,mossy_ADJ
1843,echoe_ADJ
1844,butter_ADJ
1845,experienced_ADJ
1846,apparent_ADJ
1847,thirst_ADJ
1848,unrequit_ADJ
1849,true_ADJ
1850,vampire_ADJ
1851,thunderbird_ADJ
1852,boeing_ADJ
1853,relay_ADJ
1854,cranial_ADJ
1855,butler_ADJ
1856,provide_ADJ
1857,acre_ADJ
1858,pen_ADJ
1859,rookie_ADJ
1860,fox_ADJ
1861,bag_ADJ
1862,overweight_ADJ
1863,deadpan_ADJ
1864,defend_ADJ
1865,explode_ADJ
1866,counsel_ADJ
1867,qualify_ADJ
1868,attendant_ADJ
1869,tape_ADJ
1870,shimmer_ADJ
1871,naked_ADJ
1872,defy_ADJ
1873,pole_ADJ
1874,exemplify_ADJ
1875,petal_ADJ
1876,flourish_ADJ
1877,extraterrestrial_ADJ
1878,capacious_ADJ
1879,jeffersonian_ADJ
1880,spokesman_ADJ
1881,slender_ADJ
1882,quarter_ADJ
1883,heraldic_ADJ
1884,unarmed_ADJ
1885,masonry_ADJ
1886,deposed_ADJ
1887,unrelat_ADJ
1888,functionary_ADJ
1889,satisfy_ADJ
1890,confin_ADJ
1891,vowel_ADJ
1892,categorical_ADJ
1893,ang_ADJ
1894,northernmost_ADJ
1895,solvent_ADJ
1896,reser_ADJ
1897,immemorial_ADJ
1898,display_ADJ
1899,professorial_ADJ
1900,gentlemanly_ADJ
1901,short_ADJ
1902,transitory_ADJ
1903,brain_ADJ
1904,obstruct_ADJ
1905,longe_ADJ
1906,finnish_ADJ
1907,extensive_ADJ
1908,parallel_ADJ
1909,rowdy_ADJ
1910,chained_ADJ
1911,ir_ADJ
1912,crop_ADJ
1913,airplane_ADJ
1914,bourgeois_ADJ
1915,heavier_ADJ
1916,predict_ADJ
1917,vertical_ADJ
1918,spastic_ADJ
1919,sunlight_ADJ
1920,sin_ADJ
1921,rudolph_ADJ
1922,urbane_ADJ
1923,belove_ADJ
1924,pursue_ADJ
1925,lest_ADJ
1926,unimpeded_ADJ
1927,ascend_ADJ
1928,resigned_ADJ
1929,adoptive_ADJ
1930,attributable_ADJ
1931,custodial_ADJ
1932,negligible_ADJ
1933,occupied_ADJ
1934,writh_ADJ
1935,acknowledge_ADJ
1936,lusterless_ADJ
1937,unintentional_ADJ
1938,cloak_ADJ
1939,exhaust_ADJ
1940,shroude_ADJ
1941,pagan_ADJ
1942,uninspir_ADJ
1943,decide_ADJ
1944,hind_ADJ
1945,gigantic_ADJ
1946,sand_ADJ
1947,ivy_ADJ
1948,discount_ADJ
1949,formed_ADJ
1950,biographical_ADJ
1951,prolong_ADJ
1952,sophisticate_ADJ
1953,crampe_ADJ
1954,comedy_ADJ
1955,springy_ADJ
1956,alumni_ADJ
1957,route_ADJ
1958,formal_ADJ
1959,smithsonian_ADJ
1960,hue_ADJ
1961,row_ADJ
1962,familiar_ADJ
1963,foggy_ADJ
1964,care_ADJ
1965,participate_ADJ
1966,arithmetic_ADJ
1967,folk_ADJ
1968,correspondent_ADJ
1969,mimic_ADJ
1970,masonic_ADJ
1971,crud_ADJ
1972,unprintable_ADJ
1973,customary_ADJ
1974,cursory_ADJ
1975,copyright_ADJ
1976,echoing_ADJ
1977,homecom_ADJ
1978,wolfish_ADJ
1979,makeshift_ADJ
1980,easter_ADJ
1981,crack_ADJ
1982,fallible_ADJ
1983,catalytic_ADJ
1984,breeding_ADJ
1985,quadruple_ADJ
1986,superintendent_ADJ
1987,liquor_ADJ
1988,cat_ADJ
1989,weather_ADJ
1990,likeable_ADJ
1991,shuffle_ADJ
1992,vary_ADJ
1993,allied_ADJ
1994,weightless_ADJ
1995,tong_ADJ
1996,invective_ADJ
1997,modernist_ADJ
1998,senior_ADJ
1999,wilder_ADJ
2000,unadulterate_ADJ
2001,punch_ADJ
2002,talkative_ADJ
2003,comb_ADJ
2004,interpretative_ADJ
2005,rate_ADJ
2006,feele_ADJ
2007,drift_ADJ
2008,somebody_ADJ
2009,deare_ADJ
2010,large_ADJ
2011,depleted_ADJ
2012,emperor_ADJ
2013,hunch_ADJ
2014,aunt_ADJ
2015,julius_ADJ
2016,effusive_ADJ
2017,corporal_ADJ
2018,sentient_ADJ
2019,judean_ADJ
2020,drawn_ADJ
2021,unnerve_ADJ
2022,party_ADJ
2023,thematic_ADJ
2024,assort_ADJ
2025,medicare_ADJ
2026,philosophic_ADJ
2027,campus_ADJ
2028,expedient_ADJ
2029,anyway_ADJ
2030,thrive_ADJ
2031,baked_ADJ
2032,incarnate_ADJ
2033,fence_ADJ
2034,ablaze_ADJ
2035,lehman_ADJ
2036,figur_ADJ
2037,survive_ADJ
2038,unlined_ADJ
2039,scarr_ADJ
2040,germanic_ADJ
2041,realist_ADJ
2042,put_ADJ
2043,bench_ADJ
2044,refrigerate_ADJ
2045,vincent_ADJ
2046,flip_ADJ
2047,fantastical_ADJ
2048,creame_ADJ
2049,foreign_ADJ
2050,starve_ADJ
2051,flowery_ADJ
2052,envelop_ADJ
2053,organize_ADJ
2054,evening_ADJ
2055,future_ADJ
2056,time_ADJ
2057,modify_ADJ
2058,hing_ADJ
2059,instantaneous_ADJ
2060,torpid_ADJ
2061,greate_ADJ
2062,anguish_ADJ
2063,flight_ADJ
2064,heavi_ADJ
2065,lunatic_ADJ
2066,steve_ADJ
2067,clubby_ADJ
2068,thrill_ADJ
2069,subtropical_ADJ
2070,landlord_ADJ
2071,farmer_ADJ
2072,score_ADJ
2073,commander_ADJ
2074,an_ADJ
2075,course_ADJ
2076,machine_ADJ
2077,vot_ADJ
2078,anniversary_ADJ
2079,exclusively_ADJ
2080,estate_ADJ
2081,geig_ADJ
2082,innermost_ADJ
2083,quixotic_ADJ
2084,containe_ADJ
2085,serpentine_ADJ
2086,squeamish_ADJ
2087,bulbous_ADJ
2088,viennese_ADJ
2089,hey_ADJ
2090,reflexive_ADJ
2091,crate_ADJ
2092,wie_ADJ
2093,faceless_ADJ
2094,gary_ADJ
2095,gt_ADJ
2096,jungle_ADJ
2097,function_ADJ
2098,chase_ADJ
2099,strike_ADJ
2100,decease_ADJ
2101,cavaly_ADJ
2102,goat_ADJ
2103,unconnect_ADJ
2104,sharpe_ADJ
2105,truncate_ADJ
2106,explain_ADJ
2107,run_ADJ
2108,deborah_ADJ
2109,corn_ADJ
2110,genteel_ADJ
2111,vigilante_ADJ
2112,elicit_ADJ
2113,discernible_ADJ
2114,wing_ADJ
2115,homogenize_ADJ
2116,perceptive_ADJ
2117,faire_ADJ
2118,pushy_ADJ
2119,effervescent_ADJ
2120,bloom_ADJ
2121,widely_ADJ
2122,numbered_ADJ
2123,steer_ADJ
2124,phoenix_ADJ
2125,cruis_ADJ
2126,translucent_ADJ
2127,engineering_ADJ
2128,uncontrollable_ADJ
2129,chevy_ADJ
2130,transmitted_ADJ
2131,aim_ADJ
2132,central_ADJ
2133,insulate_ADJ
2134,deceive_ADJ
2135,frequency_ADJ
2136,cathedral_ADJ
2137,smack_ADJ
2138,sioux_ADJ
2139,set_ADJ
2140,brake_ADJ
2141,greenish_ADJ
2142,scandinavian_ADJ
2143,rueful_ADJ
2144,month_ADJ
2145,functional_ADJ
2146,bureaucratic_ADJ
2147,verdict_ADJ
2148,injury_ADJ
2149,inorganic_ADJ
2150,cherish_ADJ
2151,froze_ADJ
2152,worse_ADJ
2153,regimental_ADJ
2154,disease_ADJ
2155,indivisible_ADJ
2156,plus_ADJ
2157,supernatural_ADJ
2158,theatre_ADJ
2159,unspar_ADJ
2160,moist_ADJ
2161,helped_ADJ
2162,wartime_ADJ
2163,avenue_ADJ
2164,harass_ADJ
2165,generate_ADJ
2166,alternate_ADJ
2167,pack_ADJ
2168,accomplished_ADJ
2169,unveil_ADJ
2170,fashioned_ADJ
2171,faculty_ADJ
2172,taint_ADJ
2173,punk_ADJ
2174,pictorial_ADJ
2175,lick_ADJ
2176,tick_ADJ
2177,communal_ADJ
2178,vigorous_ADJ
2179,tinkle_ADJ
2180,low_ADJ
2181,challeng_ADJ
2182,cancel_ADJ
2183,embroider_ADJ
2184,respectful_ADJ
2185,murmur_ADJ
2186,peabody_ADJ
2187,eappropriat_ADJ
2188,germany_ADJ
2189,scorch_ADJ
2190,anachronistic_ADJ
2191,print_ADJ
2192,complicate_ADJ
2193,earthly_ADJ
2194,snake_ADJ
2195,extract_ADJ
2196,weekly_ADJ
2197,intergovernmental_ADJ
2198,crucify_ADJ
2199,methyl_ADJ
2200,ballistic_ADJ
2201,hypersensitive_ADJ
2202,tier_ADJ
2203,governing_ADJ
2204,unabash_ADJ
2205,justifiable_ADJ
2206,primeval_ADJ
2207,outlet_ADJ
2208,moorish_ADJ
2209,concealed_ADJ
2210,gallagher_ADJ
2211,newsworthy_ADJ
2212,indistinct_ADJ
2213,dent_ADJ
2214,praise_ADJ
2215,littrestle_ADJ
2216,sweeten_ADJ
2217,raucous_ADJ
2218,factory_ADJ
2219,canal_ADJ
2220,hunt_ADJ
2221,chill_ADJ
2222,unexplainable_ADJ
2223,cholera_ADJ
2224,gossamer_ADJ
2225,firework_ADJ
2226,experiment_ADJ
2227,hygienic_ADJ
2228,blacker_ADJ
2229,ty_ADJ
2230,meter_ADJ
2231,uncomplicate_ADJ
2232,thirty_ADJ
2233,nervy_ADJ
2234,conjugal_ADJ
2235,fundraise_ADJ
2236,firmer_ADJ
2237,teacher_ADJ
2238,celtic_ADJ
2239,emerald_ADJ
2240,swelle_ADJ
2241,loyalty_ADJ
2242,missionary_ADJ
2243,pitch_ADJ
2244,disguis_ADJ
2245,isaac_ADJ
2246,decorate_ADJ
2247,lithe_ADJ
2248,nasal_ADJ
2249,contrapuntal_ADJ
2250,earth_ADJ
2251,unharmed_ADJ
2252,pollute_ADJ
2253,endeavor_ADJ
2254,ribald_ADJ
2255,von_ADJ
2256,hypothetical_ADJ
2257,queasy_ADJ
2258,benefit_ADJ
2259,busy_ADJ
2260,elderly_ADJ
2261,motor_ADJ
2262,ful_ADJ
2263,appalle_ADJ
2264,rustle_ADJ
2265,cutt_ADJ
2266,palm_ADJ
2267,today_ADJ
2268,psychiatric_ADJ
2269,narrator_ADJ
2270,sneak_ADJ
2271,hesitant_ADJ
2272,fray_ADJ
2273,hurtful_ADJ
2274,continual_ADJ
2275,unattach_ADJ
2276,medical_ADJ
2277,implement_ADJ
2278,ministerial_ADJ
2279,dige_ADJ
2280,known_ADJ
2281,semicircular_ADJ
2282,grab_ADJ
2283,personalize_ADJ
2284,credit_ADJ
2285,cupid_ADJ
2286,melodic_ADJ
2287,porch_ADJ
2288,shave_ADJ
2289,branch_ADJ
2290,electrostatic_ADJ
2291,cbs_ADJ
2292,rubbish_ADJ
2293,breed_ADJ
2294,onrush_ADJ
2295,chivalric_ADJ
2296,shin_ADJ
2297,dental_ADJ
2298,troubl_ADJ
2299,earle_ADJ
2300,couch_ADJ
2301,ireland_ADJ
2302,medicinal_ADJ
2303,sultry_ADJ
2304,hale_ADJ
2305,unprofessional_ADJ
2306,inadvertent_ADJ
2307,finite_ADJ
2308,illinois_ADJ
2309,synonymous_ADJ
2310,clifford_ADJ
2311,plumb_ADJ
2312,quicken_ADJ
2313,silhouette_ADJ
2314,physiology_ADJ
2315,appro_ADJ
2316,indefinable_ADJ
2317,lloyd_ADJ
2318,mate_ADJ
2319,directional_ADJ
2320,study_ADJ
2321,intemperate_ADJ
2322,companionable_ADJ
2323,groan_ADJ
2324,prong_ADJ
2325,drum_ADJ
2326,write_ADJ
2327,console_ADJ
2328,yorkshire_ADJ
2329,tailore_ADJ
2330,design_ADJ
2331,worm_ADJ
2332,tonic_ADJ
2333,inconclusive_ADJ
2334,ted_ADJ
2335,superlative_ADJ
2336,vocal_ADJ
2337,ed_ADJ
2338,sophomoric_ADJ
2339,foregone_ADJ
2340,historical_ADJ
2341,starr_ADJ
2342,noodle_ADJ
2343,alcohol_ADJ
2344,declare_ADJ
2345,braided_ADJ
2346,lobster_ADJ
2347,broile_ADJ
2348,guitar_ADJ
2349,elevate_ADJ
2350,unidentify_ADJ
2351,hitch_ADJ
2352,indigenous_ADJ
2353,lowell_ADJ
2354,upstand_ADJ
2355,patch_ADJ
2356,topless_ADJ
2357,aztec_ADJ
2358,nurse_ADJ
2359,fluid_ADJ
2360,bullet_ADJ
2361,cinnamon_ADJ
2362,county_ADJ
2363,accuse_ADJ
2364,knowable_ADJ
2365,quibble_ADJ
2366,boer_ADJ
2367,melt_ADJ
2368,annoye_ADJ
2369,sugge_ADJ
2370,finest_ADJ
2371,husky_ADJ
2372,begin_ADJ
2373,unhing_ADJ
2374,scrap_ADJ
2375,unearned_ADJ
2376,rakish_ADJ
2377,twinkle_ADJ
2378,cor_ADJ
2379,brown_ADJ
2380,consent_ADJ
2381,white_ADJ
2382,loveless_ADJ
2383,edward_ADJ
2384,fractional_ADJ
2385,nether_ADJ
2386,amended_ADJ
2387,intrigue_ADJ
2388,hooked_ADJ
2389,hy_ADJ
2390,tell_ADJ
2391,portrait_ADJ
2392,boorish_ADJ
2393,leaf_ADJ
2394,creator_ADJ
2395,norfolk_ADJ
2396,blanc_ADJ
2397,ate_ADJ
2398,overnight_ADJ
2399,furrowed_ADJ
2400,fingerprint_ADJ
2401,unrecord_ADJ
2402,man_ADJ
2403,nominate_ADJ
2404,marvellous_ADJ
2405,twelve_ADJ
2406,cherubic_ADJ
2407,sabbath_ADJ
2408,attorney_ADJ
2409,clinic_ADJ
2410,dietary_ADJ
2411,memorial_ADJ
2412,dug_ADJ
2413,navy_ADJ
2414,grape_ADJ
2415,adjacent_ADJ
2416,sal_ADJ
2417,suburban_ADJ
2418,unblemish_ADJ
2419,etch_ADJ
2420,leisure_ADJ
2421,sociological_ADJ
2422,freakish_ADJ
2423,unlight_ADJ
2424,primal_ADJ
2425,due_ADJ
2426,nuclear_ADJ
2427,blunder_ADJ
2428,unite_ADJ
2429,modele_ADJ
2430,make_ADJ
2431,polarize_ADJ
2432,facial_ADJ
2433,fabled_ADJ
2434,outlin_ADJ
2435,maile_ADJ
2436,fly_ADJ
2437,be_ADJ
2438,public_ADJ
2439,humore_ADJ
2440,dron_ADJ
2441,transfer_ADJ
2442,profitable_ADJ
2443,ribb_ADJ
2444,athlete_ADJ
2445,informant_ADJ
2446,sanguine_ADJ
2447,honorary_ADJ
2448,undefined_ADJ
2449,electronic_ADJ
2450,opportune_ADJ
2451,supper_ADJ
2452,infantile_ADJ
2453,moderate_ADJ
2454,volkswagen_ADJ
2455,anatomical_ADJ
2456,sunshine_ADJ
2457,hydrochloric_ADJ
2458,buddy_ADJ
2459,stiffen_ADJ
2460,dot_ADJ
2461,beatific_ADJ
2462,servant_ADJ
2463,hourly_ADJ
2464,sundry_ADJ
2465,joan_ADJ
2466,rehearsal_ADJ
2467,downy_ADJ
2468,pornographic_ADJ
2469,cardiovascular_ADJ
2470,outrage_ADJ
2471,unpretentious_ADJ
2472,insoluble_ADJ
2473,flar_ADJ
2474,colonial_ADJ
2475,emotionless_ADJ
2476,abiding_ADJ
2477,industrialize_ADJ
2478,add_ADJ
2479,community_ADJ
2480,bluish_ADJ
2481,occur_ADJ
2482,burning_ADJ
2483,undisclosed_ADJ
2484,hatch_ADJ
2485,evaluate_ADJ
2486,interminable_ADJ
2487,whimper_ADJ
2488,overheat_ADJ
2489,biology_ADJ
2490,rally_ADJ
2491,hate_ADJ
2492,grubby_ADJ
2493,commission_ADJ
2494,absorbent_ADJ
2495,compress_ADJ
2496,capital_ADJ
2497,brew_ADJ
2498,gauge_ADJ
2499,combin_ADJ
2500,southw_ADJ
2501,discourage_ADJ
2502,bitty_ADJ
2503,inedible_ADJ
2504,belgian_ADJ
2505,vatican_ADJ
2506,paint_ADJ
2507,andrew_ADJ
2508,unwrite_ADJ
2509,gastric_ADJ
2510,salary_ADJ
2511,atypical_ADJ
2512,bumper_ADJ
2513,entrepreneurial_ADJ
2514,ivory_ADJ
2515,bran_ADJ
2516,flirtatious_ADJ
2517,coal_ADJ
2518,congratulatory_ADJ
2519,blemish_ADJ
2520,unchange_ADJ
2521,sip_ADJ
2522,chin_ADJ
2523,carlo_ADJ
2524,randy_ADJ
2525,factional_ADJ
2526,camp_ADJ
2527,upstate_ADJ
2528,on_ADJ
2529,nursery_ADJ
2530,slush_ADJ
2531,baritone_ADJ
2532,soar_ADJ
2533,deliver_ADJ
2534,sweat_ADJ
2535,ish_ADJ
2536,crossword_ADJ
2537,bunch_ADJ
2538,pork_ADJ
2539,extrinsic_ADJ
2540,miracle_ADJ
2541,bile_ADJ
2542,perform_ADJ
2543,thyroid_ADJ
2544,earthy_ADJ
2545,jeep_ADJ
2546,equivalent_ADJ
2547,recess_ADJ
2548,conscious_ADJ
2549,parent_ADJ
2550,enamel_ADJ
2551,raggedy_ADJ
2552,brackish_ADJ
2553,madame_ADJ
2554,organ_ADJ
2555,unlike_ADJ
2556,drain_ADJ
2557,vacan_ADJ
2558,bomb_ADJ
2559,candle_ADJ
2560,fatte_ADJ
2561,customer_ADJ
2562,scent_ADJ
2563,satin_ADJ
2564,merge_ADJ
2565,orchestra_ADJ
2566,sipp_ADJ
2567,conspiracy_ADJ
2568,seaworthy_ADJ
2569,unexpecte_ADJ
2570,blesse_ADJ
2571,resultant_ADJ
2572,light_ADJ
2573,zipper_ADJ
2574,ferment_ADJ
2575,rat_ADJ
2576,camden_ADJ
2577,informal_ADJ
2578,narcissistic_ADJ
2579,connor_ADJ
2580,unseasonable_ADJ
2581,stroke_ADJ
2582,remedial_ADJ
2583,understate_ADJ
2584,net_ADJ
2585,clare_ADJ
2586,crumpl_ADJ
2587,brad_ADJ
2588,lay_ADJ
2589,chubby_ADJ
2590,decimal_ADJ
2591,expanded_ADJ
2592,sargent_ADJ
2593,predominant_ADJ
2594,environmental_ADJ
2595,prone_ADJ
2596,grad_ADJ
2597,unchangeable_ADJ
2598,barbarian_ADJ
2599,think_ADJ
2600,hardheaded_ADJ
2601,approve_ADJ
2602,bacterial_ADJ
2603,defeat_ADJ
2604,atomic_ADJ
2605,griffith_ADJ
2606,arguable_ADJ
2607,mystify_ADJ
2608,superman_ADJ
2609,prophetic_ADJ
2610,bilious_ADJ
2611,capitalistic_ADJ
2612,mead_ADJ
2613,sacrificial_ADJ
2614,intere_ADJ
2615,int_ADJ
2616,monetary_ADJ
2617,stal_ADJ
2618,triumphant_ADJ
2619,discursive_ADJ
2620,glucose_ADJ
2621,consecrate_ADJ
2622,bookish_ADJ
2623,layer_ADJ
2624,mirror_ADJ
2625,epassionat_ADJ
2626,gag_ADJ
2627,universal_ADJ
2628,portentous_ADJ
2629,randolph_ADJ
2630,churchill_ADJ
2631,underrate_ADJ
2632,ch_ADJ
2633,multilingual_ADJ
2634,el_ADJ
2635,missy_ADJ
2636,majority_ADJ
2637,indoor_ADJ
2638,fainter_ADJ
2639,unwille_ADJ
2640,lamp_ADJ
2641,wiry_ADJ
2642,dwindle_ADJ
2643,mayor_ADJ
2644,symbiotic_ADJ
2645,plaster_ADJ
2646,bra_ADJ
2647,waxy_ADJ
2648,undisciplined_ADJ
2649,organizational_ADJ
2650,override_ADJ
2651,hemispheric_ADJ
2652,unprecedent_ADJ
2653,darken_ADJ
2654,sergeant_ADJ
2655,bass_ADJ
2656,downright_ADJ
2657,decorative_ADJ
2658,rainy_ADJ
2659,budget_ADJ
2660,undispute_ADJ
2661,regular_ADJ
2662,latter_ADJ
2663,portray_ADJ
2664,handle_ADJ
2665,civil_ADJ
2666,fairer_ADJ
2667,coded_ADJ
2668,practicable_ADJ
2669,smelle_ADJ
2670,godly_ADJ
2671,pressure_ADJ
2672,pride_ADJ
2673,hulking_ADJ
2674,tenth_ADJ
2675,belate_ADJ
2676,wry_ADJ
2677,electrify_ADJ
2678,improvisational_ADJ
2679,shakespeare_ADJ
2680,firmly_ADJ
2681,aerodynamic_ADJ
2682,lodge_ADJ
2683,judge_ADJ
2684,swear_ADJ
2685,sector_ADJ
2686,recurrent_ADJ
2687,blase_ADJ
2688,oriental_ADJ
2689,unobtainable_ADJ
2690,reverse_ADJ
2691,existent_ADJ
2692,petit_ADJ
2693,bavarian_ADJ
2694,choic_ADJ
2695,gift_ADJ
2696,swing_ADJ
2697,emaciate_ADJ
2698,owne_ADJ
2699,uppermost_ADJ
2700,unrelieve_ADJ
2701,incom_ADJ
2702,sweaty_ADJ
2703,moralistic_ADJ
2704,prob_ADJ
2705,freshman_ADJ
2706,revolutionary_ADJ
2707,whitehead_ADJ
2708,xerox_ADJ
2709,undulat_ADJ
2710,hotter_ADJ
2711,cub_ADJ
2712,somnolent_ADJ
2713,equity_ADJ
2714,increasingly_ADJ
2715,calculate_ADJ
2716,diameter_ADJ
2717,rival_ADJ
2718,televise_ADJ
2719,say_ADJ
2720,breathy_ADJ
2721,driven_ADJ
2722,genuinely_ADJ
2723,plead_ADJ
2724,produce_ADJ
2725,trigger_ADJ
2726,dare_ADJ
2727,biblical_ADJ
2728,virginal_ADJ
2729,technique_ADJ
2730,kurdish_ADJ
2731,mourn_ADJ
2732,sawdust_ADJ
2733,become_ADJ
2734,fiat_ADJ
2735,sovereign_ADJ
2736,december_ADJ
2737,attacking_ADJ
2738,rudimentary_ADJ
2739,anti_ADJ
2740,remain_ADJ
2741,crawle_ADJ
2742,imaginable_ADJ
2743,mccarthy_ADJ
2744,critic_ADJ
2745,uncharted_ADJ
2746,indirect_ADJ
2747,use_ADJ
2748,squeaky_ADJ
2749,calle_ADJ
2750,effect_ADJ
2751,get_ADJ
2752,minh_ADJ
2753,tony_ADJ
2754,candy_ADJ
2755,smile_ADJ
2756,textual_ADJ
2757,blast_ADJ
2758,stole_ADJ
2759,unsubstantiate_ADJ
2760,psychological_ADJ
2761,perplex_ADJ
2762,divorce_ADJ
2763,unprinciple_ADJ
2764,rascal_ADJ
2765,weedy_ADJ
2766,carroll_ADJ
2767,lane_ADJ
2768,comment_ADJ
2769,tour_ADJ
2770,de_ADJ
2771,impenetrable_ADJ
2772,char_ADJ
2773,automatic_ADJ
2774,budgetary_ADJ
2775,deteriorate_ADJ
2776,viral_ADJ
2777,stupefy_ADJ
2778,cloth_ADJ
2779,imminent_ADJ
2780,complementary_ADJ
2781,watch_ADJ
2782,rot_ADJ
2783,goodman_ADJ
2784,you_ADJ
2785,nonverbal_ADJ
2786,fear_ADJ
2787,sighted_ADJ
2788,tragedy_ADJ
2789,create_ADJ
2790,rott_ADJ
2791,facilitate_ADJ
2792,sinus_ADJ
2793,listen_ADJ
2794,board_ADJ
2795,couple_ADJ
2796,check_ADJ
2797,fascinating_ADJ
2798,mortgage_ADJ
2799,linger_ADJ
2800,settle_ADJ
2801,ten_ADJ
2802,angel_ADJ
2803,smoother_ADJ
2804,dash_ADJ
2805,surly_ADJ
2806,hair_ADJ
2807,motivate_ADJ
2808,frivolous_ADJ
2809,mute_ADJ
2810,vanish_ADJ
2811,stitch_ADJ
2812,prove_ADJ
2813,inert_ADJ
2814,spirit_ADJ
2815,stir_ADJ
2816,welcom_ADJ
2817,doctor_ADJ
2818,hartford_ADJ
2819,armore_ADJ
2820,tenure_ADJ
2821,rotary_ADJ
2822,untreate_ADJ
2823,cry_ADJ
2824,prey_ADJ
2825,closet_ADJ
2826,tearful_ADJ
2827,spaghetti_ADJ
2828,senatorial_ADJ
2829,embattle_ADJ
2830,stooped_ADJ
2831,shaped_ADJ
2832,iced_ADJ
2833,mashed_ADJ
2834,longtime_ADJ
2835,unsettle_ADJ
2836,unmindful_ADJ
2837,consular_ADJ
2838,wisconsin_ADJ
2839,intentional_ADJ
2840,basic_ADJ
2841,heresy_ADJ
2842,among_ADJ
2843,piecemeal_ADJ
2844,amy_ADJ
2845,prodigal_ADJ
2846,damne_ADJ
2847,ie_ADJ
2848,interdisciplinary_ADJ
2849,communist_ADJ
2850,orchestrate_ADJ
2851,whirr_ADJ
2852,lauderdale_ADJ
2853,heade_ADJ
2854,gynecological_ADJ
2855,stilted_ADJ
2856,weighty_ADJ
2857,grinn_ADJ
2858,express_ADJ
2859,cyclical_ADJ
2860,soluble_ADJ
2861,uninhibit_ADJ
2862,unchallenge_ADJ
2863,birthday_ADJ
2864,pejorative_ADJ
2865,unspecify_ADJ
2866,downward_ADJ
2867,befuddled_ADJ
2868,languorous_ADJ
2869,certainly_ADJ
2870,lad_ADJ
2871,perceptual_ADJ
2872,despair_ADJ
2873,protect_ADJ
2874,genial_ADJ
2875,elizabeth_ADJ
2876,seal_ADJ
2877,leisurely_ADJ
2878,norse_ADJ
2879,john_ADJ
2880,aspen_ADJ
2881,frown_ADJ
2882,count_ADJ
2883,theology_ADJ
2884,caravan_ADJ
2885,pint_ADJ
2886,fertilize_ADJ
2887,streak_ADJ
2888,untoward_ADJ
2889,grow_ADJ
2890,todd_ADJ
2891,austrian_ADJ
2892,unname_ADJ
2893,power_ADJ
2894,itinerant_ADJ
2895,burbank_ADJ
2896,equate_ADJ
2897,plant_ADJ
2898,nate_ADJ
2899,trap_ADJ
2900,passeng_ADJ
2901,orchestral_ADJ
2902,spinn_ADJ
2903,monochromatic_ADJ
2904,oregon_ADJ
2905,unlock_ADJ
2906,ocher_ADJ
2907,headstrong_ADJ
2908,equine_ADJ
2909,quarterly_ADJ
2910,prairie_ADJ
2911,textile_ADJ
2912,censor_ADJ
2913,bean_ADJ
2914,aristotelian_ADJ
2915,pot_ADJ
2916,needed_ADJ
2917,heterogeneous_ADJ
2918,guardian_ADJ
2919,mount_ADJ
2920,edible_ADJ
2921,gall_ADJ
2922,mirrore_ADJ
2923,claw_ADJ
2924,shield_ADJ
2925,buckle_ADJ
2926,potable_ADJ
2927,12_ADJ
2928,iii_ADJ
2929,demonstrative_ADJ
2930,feed_ADJ
2931,humane_ADJ
2932,steeper_ADJ
2933,steely_ADJ
2934,flood_ADJ
2935,mind_ADJ
2936,hint_ADJ
2937,signify_ADJ
2938,amber_ADJ
2939,circus_ADJ
2940,shelter_ADJ
2941,beige_ADJ
2942,concrete_ADJ
2943,review_ADJ
2944,shrouded_ADJ
2945,wreck_ADJ
2946,language_ADJ
2947,urine_ADJ
2948,iberian_ADJ
2949,deeply_ADJ
2950,naturally_ADJ
2951,excite_ADJ
2952,indelible_ADJ
2953,convert_ADJ
2954,seattle_ADJ
2955,rollick_ADJ
2956,characteristic_ADJ
2957,ancient_ADJ
2958,literal_ADJ
2959,marshal_ADJ
2960,major_ADJ
2961,unless_ADJ
2962,venerate_ADJ
2963,why_ADJ
2964,trite_ADJ
2965,basketball_ADJ
2966,blaze_ADJ
2967,hobble_ADJ
2968,atlantic_ADJ
2969,interior_ADJ
2970,nascent_ADJ
2971,tidal_ADJ
2972,tide_ADJ
2973,controversy_ADJ
2974,fantasy_ADJ
2975,crusad_ADJ
2976,scorn_ADJ
2977,excitable_ADJ
2978,bringe_ADJ
2979,undermin_ADJ
2980,monkish_ADJ
2981,ballpoint_ADJ
2982,whitewash_ADJ
2983,canteen_ADJ
2984,rambunctious_ADJ
2985,limb_ADJ
2986,infest_ADJ
2987,prearrang_ADJ
2988,culture_ADJ
2989,mankind_ADJ
2990,concord_ADJ
2991,ultra_ADJ
2992,inflame_ADJ
2993,ble_ADJ
2994,sh_ADJ
2995,bellow_ADJ
2996,dreaded_ADJ
2997,mary_ADJ
2998,discard_ADJ
2999,wizen_ADJ
3000,execute_ADJ
3001,tremendous_ADJ
3002,winter_ADJ
3003,left_ADJ
3004,swap_ADJ
3005,clothed_ADJ
3006,fresher_ADJ
3007,repress_ADJ
3008,melancholic_ADJ
3009,provoke_ADJ
3010,bestsell_ADJ
3011,abdominal_ADJ
3012,crusty_ADJ
3013,oedipal_ADJ
3014,trick_ADJ
3015,lady_ADJ
3016,syrian_ADJ
3017,puff_ADJ
3018,babble_ADJ
3019,strik_ADJ
3020,pastel_ADJ
3021,comin_ADJ
3022,midtown_ADJ
3023,tower_ADJ
3024,psychologist_ADJ
3025,oiled_ADJ
3026,captur_ADJ
3027,serrate_ADJ
3028,soup_ADJ
3029,situational_ADJ
3030,mph_ADJ
3031,contain_ADJ
3032,noncommittal_ADJ
3033,economy_ADJ
3034,fluorescent_ADJ
3035,mill_ADJ
3036,gap_ADJ
3037,hug_ADJ
3038,fig_ADJ
3039,crisply_ADJ
3040,shipp_ADJ
3041,mahogany_ADJ
3042,flank_ADJ
3043,divorced_ADJ
3044,typical_ADJ
3045,allegorical_ADJ
3046,disconcert_ADJ
3047,homely_ADJ
3048,spatter_ADJ
3049,purse_ADJ
3050,pendulous_ADJ
3051,turkey_ADJ
3052,valy_ADJ
3053,speaker_ADJ
3054,athletic_ADJ
3055,outra_ADJ
3056,defense_ADJ
3057,store_ADJ
3058,se_ADJ
3059,vitriolic_ADJ
3060,lilt_ADJ
3061,assembled_ADJ
3062,forsaken_ADJ
3063,ite_ADJ
3064,studious_ADJ
3065,fewer_ADJ
3066,ti_ADJ
3067,mumble_ADJ
3068,visitor_ADJ
3069,chrome_ADJ
3070,vernal_ADJ
3071,intercept_ADJ
3072,unenforceable_ADJ
3073,curtailed_ADJ
3074,unattractive_ADJ
3075,muse_ADJ
3076,exhilarate_ADJ
3077,psychotherapy_ADJ
3078,palatial_ADJ
3079,reformist_ADJ
3080,younge_ADJ
3081,cue_ADJ
3082,he_ADJ
3083,sherry_ADJ
3084,supplement_ADJ
3085,disc_ADJ
3086,consumer_ADJ
3087,clouded_ADJ
3088,unassum_ADJ
3089,haired_ADJ
3090,body_ADJ
3091,esoteric_ADJ
3092,raspberry_ADJ
3093,hang_ADJ
3094,violend_ADJ
3095,tactful_ADJ
3096,traceable_ADJ
3097,livestock_ADJ
3098,against_ADJ
3099,wrinkle_ADJ
3100,pickup_ADJ
3101,obtain_ADJ
3102,clim_ADJ
3103,vermont_ADJ
3104,slope_ADJ
3105,withhold_ADJ
